ability ,0.004464286,0.047831636,6.38E-04,0.023596939,0.013392858,0.015943877,0.04017858
able ,1.73E-05,1.82E-04,4.09E-04,1.76E-04,2.19E-04,2.44E-04,1.86E-04
abuse ,5.32E-04,1.77E-04,1.77E-04,0.13736264,0.001240695,0.001595179,0.002658632
academy ,0.007142858,0.021428574,0.007142858,0.007142858,0.007142858,0.092857145,0.035714287
accept ,0.008270677,0.006766918,7.52E-04,0.048872184,0.018796993,0.024812032,0.038345866
acceptance ,0.002747253,0.008241759,0.002747253,0.013736265,0.024725277,0.09065934,0.013736265
accounting ,0.017857144,0.017857144,0.017857144,0.017857144,0.053571433,0.08928572,0.017857144
accuracy ,0.035714287,0.107142866,0.035714287,0.035714287,0.035714287,0.035714287,0.035714287
achieve ,0.001382489,0.004147466,4.61E-04,0.005069125,0.006912442,0.12211982,0.005069125
acid ,0.017857144,0.017857144,0.017857144,0.017857144,0.125,0.017857144,0.017857144
active ,0.002380953,0.035714287,0.002380953,0.026190478,0.05,0.026190478,0.011904763
activities ,3.15E-06,3.46E-05,0.0012618,4.72E-05,5.98E-05,2.20E-05,1.57E-05
adding ,0.003246754,0.0487013,0.003246754,0.022727275,0.016233768,0.02922078,0.035714287
addresses ,0.035714287,0.107142866,0.035714287,0.035714287,0.035714287,0.035714287,0.035714287
administrator ,0.035714287,0.035714287,0.035714287,0.035714287,0.035714287,0.035714287,0.107142866
adobe ,0.035714287,0.035714287,0.035714287,0.035714287,0.107142866,0.035714287,0.035714287
adult ,0.001879699,0.05075188,0.001879699,0.028195491,0.020676693,0.013157894,0.035714287
adults ,0.014285715,0.042857148,0.004761905,0.033333335,0.014285715,0.023809526,0.033333335
advanced ,1.73E-05,3.45E-06,0.001383713,3.45E-06,1.73E-05,1.04E-05,1.04E-05
advantage ,0.023809526,0.02813853,0.002164502,0.015151517,0.032467537,0.015151517,0.036796536
adventure ,0.001519757,0.022796353,0.001519757,0.013677813,0.06838906,0.016717326,0.025835866
advertisement ,0.035714287,0.035714287,0.035714287,0.035714287,0.035714287,0.035714287,0.107142866
affairs ,0.071428575,0.012605043,0.004201681,0.004201681,0.012605043,0.03781513,0.021008406
age ,3.33E-05,1.71E-04,8.90E-04,9.54E-05,7.76E-05,5.99E-05,1.13E-04
agree ,0.007440476,0.043154765,0.001488095,0.03125,0.016369049,0.02529762,0.02529762
agreed ,0.017857144,0.017857144,0.002551021,0.048469387,0.012755103,0.022959184,0.033163264
ahead ,0.002329193,0.01940994,7.76E-04,0.0318323,0.01940994,0.014751554,0.058229815
aids ,0.023809526,0.023809526,0.023809526,0.023809526,0.11904762,0.023809526,0.023809526
aim ,0.017857144,0.08928572,0.017857144,0.017857144,0.017857144,0.053571433,0.017857144
alabama ,0.035714287,0.035714287,0.035714287,0.035714287,0.035714287,0.107142866,0.035714287
alaska ,0.014285715,0.071428575,0.014285715,0.014285715,0.042857148,0.014285715,0.042857148
alert ,0.00170068,0.008503402,0.00170068,0.005102041,0.00170068,0.011904763,0.120748304
allow ,0.001035197,0.00931677,0.001035197,0.025879918,0.025879918,0.03830228,0.046583854
amateur ,0.017857144,0.053571433,0.017857144,0.053571433,0.017857144,0.017857144,0.053571433
amazing ,3.21E-05,0.13505618,3.21E-05,6.10E-04,6.74E-04,0.005296951,0.001316212
amendment ,0.017857144,0.017857144,0.017857144,0.017857144,0.053571433,0.053571433,0.053571433
americans ,0.041666668,0.029761905,0.005952382,0.029761905,0.017857144,0.017857144,0.029761905
amounts ,0.017857144,0.005952382,0.005952382,0.005952382,0.077380955,0.017857144,0.041666668
anal ,0.035714287,0.035714287,0.035714287,0.107142866,0.035714287,0.035714287,0.035714287
analysis ,3.54E-06,1.06E-05,0.001417963,3.54E-06,3.54E-06,3.54E-06,3.54E-06
andrew ,0.011904763,0.083333336,0.011904763,0.011904763,0.011904763,0.011904763,0.05952381
anime ,0.011904763,0.083333336,0.011904763,0.035714287,0.011904763,0.035714287,0.011904763
ann ,0.011904763,0.083333336,0.011904763,0.011904763,0.011904763,0.035714287,0.035714287
announced ,0.017006803,0.010204082,0.003401361,0.037414968,0.010204082,0.071428575,0.010204082
anonymous ,0.007142858,0.021428574,0.007142858,0.035714287,0.05,0.021428574,0.035714287
answer ,0.00462963,0.023148147,6.61E-04,0.04431217,0.012566138,0.025793651,0.03505291
ap ,0.035714287,0.035714287,0.035714287,0.035714287,0.035714287,0.035714287,0.107142866
apartment ,0.001785714,0.041071434,0.001785714,0.033928573,0.01964286,0.026785716,0.026785716
apartments ,0.035714287,0.035714287,0.035714287,0.107142866,0.035714287,0.035714287,0.035714287
appeal ,0.007142858,0.021428574,0.007142858,0.035714287,0.06428572,0.035714287,0.007142858
appears ,0.003401361,0.017006803,0.003401361,0.030612247,0.023809526,0.037414968,0.04421769
applicable ,0.032467537,0.01948052,0.006493507,0.006493507,0.006493507,0.045454547,0.05844156
approval ,0.001006036,0.003018109,0.001006036,0.001006036,0.005030181,0.13581489,0.001006036
approved ,6.44E-04,6.44E-04,6.44E-04,0.003217503,0.003217503,0.13706565,6.44E-04
approximately ,0.010204082,0.030612247,0.010204082,0.030612247,0.071428575,0.010204082,0.030612247
ar ,0.017857144,0.053571433,0.017857144,0.017857144,0.017857144,0.017857144,0.08928572
areas ,3.20E-06,3.52E-05,0.001284433,2.24E-05,2.88E-05,3.52E-05,3.52E-05
arms ,0.006377551,0.036989797,0.00127551,0.016581632,0.021683674,0.04209184,0.024234693
army ,0.057692308,0.019230772,0.002747253,0.019230772,0.013736265,0.024725277,0.019230772
aspects ,0.002976191,0.026785716,0.002976191,0.008928572,0.020833334,0.05059524,0.044642854
assembly ,0.017857144,0.017857144,0.017857144,0.017857144,0.017857144,0.08928572,0.053571433
assets ,0.023809526,0.071428575,0.023809526,0.071428575,0.023809526,0.023809526,0.023809526
assist ,0.007936508,0.007936508,0.007936508,0.007936508,0.039682545,0.08730159,0.023809526
assistant ,0.02747253,0.005494506,0.005494506,0.049450554,0.005494506,0.071428575,0.005494506
associate ,0.017857144,0.08928572,0.017857144,0.017857144,0.017857144,0.017857144,0.053571433
atlanta ,0.008928572,0.0625,0.008928572,0.008928572,0.008928572,0.026785716,0.0625
atom ,0.007142858,0.05,0.007142858,0.021428574,0.021428574,0.06428572,0.007142858
attack ,3.78E-04,0.003401361,3.78E-04,0.004157219,0.01095994,0.001889645,0.123582765
attention ,0.008760109,0.030323451,6.74E-04,0.04380054,0.020889489,0.014150944,0.027628034
attorney ,0.023809526,0.023809526,0.023809526,0.023809526,0.023809526,0.071428575,0.071428575
austin ,0.010204082,0.05102041,0.010204082,0.010204082,0.071428575,0.010204082,0.030612247
austria ,0.035714287,0.035714287,0.035714287,0.035714287,0.107142866,0.035714287,0.035714287
automatic ,0.011904763,0.05952381,0.011904763,0.035714287,0.035714287,0.035714287,0.011904763
automatically ,0.003571429,0.010714287,0.003571429,0.017857144,0.025,0.003571429,0.09642858
ave ,0.035714287,0.035714287,0.035714287,0.035714287,0.035714287,0.035714287,0.107142866
avenue ,0.017857144,0.017857144,0.017857144,0.017857144,0.017857144,0.017857144,0.125
avoid ,0.008241759,0.015567767,9.16E-04,0.024725277,0.052197803,0.006410257,0.03937729
awards ,0.011904763,0.083333336,0.011904763,0.035714287,0.035714287,0.011904763,0.011904763
babes ,0.035714287,0.035714287,0.035714287,0.035714287,0.035714287,0.035714287,0.107142866
baby ,1.71E-05,1.47E-04,7.64E-04,5.90E-05,1.16E-04,1.85E-04,1.50E-04
bad ,0.007692308,0.010889112,9.99E-05,0.06883117,0.027072929,0.015084916,0.013686314
bag ,0.019756839,0.025835866,0.001519757,0.03495441,0.022796353,0.022796353,0.022796353
bags ,0.006493507,0.032467537,0.006493507,0.045454547,0.01948052,0.045454547,0.01948052
banking ,0.023809526,0.071428575,0.023809526,0.023809526,0.023809526,0.023809526,0.071428575
banks ,0.017857144,0.08928572,0.017857144,0.017857144,0.017857144,0.017857144,0.053571433
bars ,0.004761905,0.023809526,0.004761905,0.014285715,0.061904766,0.033333335,0.023809526
baseball ,0.042857148,0.042857148,0.014285715,0.014285715,0.014285715,0.071428575,0.014285715
basketball ,0.035714287,0.035714287,0.011904763,0.05952381,0.011904763,0.035714287,0.011904763
bass ,0.011904763,0.05952381,0.011904763,0.011904763,0.035714287,0.035714287,0.035714287
bath ,0.021008406,0.012605043,0.004201681,0.071428575,0.004201681,0.046218492,0.004201681
batteries ,0.023809526,0.023809526,0.023809526,0.023809526,0.11904762,0.023809526,0.023809526
battery ,0.017857144,0.017857144,0.017857144,0.017857144,0.08928572,0.053571433,0.017857144
battle ,0.010204082,0.006122449,0.002040817,0.030612247,0.042857148,0.042857148,0.018367348
bbc ,0.035714287,0.035714287,0.035714287,0.035714287,0.107142866,0.035714287,0.035714287
bc ,0.010204082,0.030612247,0.010204082,0.010204082,0.091836736,0.030612247,0.010204082
beach ,1.94E-05,5.81E-05,0.001110188,2.49E-05,3.05E-05,1.14E-04,8.58E-05
bear ,0.018518519,0.013227513,0.002645503,0.02910053,0.023809526,0.039682545,0.02910053
beat ,0.00408778,0.121127374,2.15E-04,0.004518073,0.00580895,0.004518073,0.003657487
beautiful ,9.92E-04,0.014314059,1.42E-04,0.006094105,0.003826531,0.11295352,0.005243765
beauty ,9.92E-04,0.06646826,9.92E-04,0.01686508,0.008928572,0.038690478,0.014880952
became ,0.006892231,0.01566416,6.27E-04,0.043233085,0.01566416,0.039473683,0.024436092
becomes ,0.002232143,0.029017858,0.002232143,0.020089287,0.042410716,0.029017858,0.029017858
bed ,0.007936508,0.027640942,2.74E-04,0.02435687,0.040777232,0.011767927,0.031472363
bedroom ,0.014285715,0.042857148,0.002857143,0.03142857,0.008571429,0.020000001,0.037142858
behavior ,0.02529762,0.02232143,0.001488095,0.058035716,0.010416667,0.013392858,0.019345239
believe ,0.002142857,0.025476191,2.38E-04,0.015000001,0.025476191,0.039285716,0.03642857
benefit ,0.012315271,0.022167487,0.002463054,0.027093597,0.032019705,0.022167487,0.036945812
beta ,0.017857144,0.125,0.017857144,0.017857144,0.017857144,0.017857144,0.017857144
better ,0.001536968,0.012053067,0.032438118,0.011405922,0.020789517,0.054279245,0.010758777
beyond ,9.52E-04,0.03142857,9.52E-04,0.027619049,0.02952381,0.03142857,0.025714288
big ,5.62E-05,1.91E-04,6.44E-04,9.47E-05,1.08E-04,1.75E-04,1.69E-04
billion ,0.011904763,0.05952381,0.011904763,0.05952381,0.011904763,0.035714287,0.011904763
binding ,0.017857144,0.017857144,0.017857144,0.017857144,0.053571433,0.053571433,0.053571433
bird ,0.011520738,0.020737328,0.002304148,0.016129032,0.020737328,0.062211983,0.020737328
birth ,0.001035197,0.017598344,0.001035197,0.011387165,0.011387165,0.07763975,0.027950311
birthday ,0.012022631,0.019094769,7.07E-04,0.028995758,0.010608205,0.06435644,0.010608205
blood ,0.026484752,0.024879616,8.03E-04,0.012038524,0.037720706,0.024879616,0.020064205
blow ,0.002304148,0.03456221,0.002304148,0.011520738,0.03917051,0.0483871,0.016129032
boat ,0.009652509,0.009652509,0.001930502,0.001930502,0.021235522,0.04826255,0.05984556
bonus ,0.035714287,0.035714287,0.035714287,0.035714287,0.035714287,0.107142866,0.035714287
bookmark ,0.003401361,0.023809526,0.003401361,0.030612247,0.05102041,0.030612247,0.017006803
bought ,8.21E-04,0.028735632,8.21E-04,0.023809526,0.030377671,0.040229887,0.022167487
boxes ,0.005952382,0.029761905,0.005952382,0.017857144,0.065476194,0.017857144,0.029761905
brain ,0.006493507,0.033910535,7.22E-04,0.020923523,0.045454547,0.013708514,0.025252527
branch ,0.006493507,0.032467537,0.006493507,0.006493507,0.032467537,0.032467537,0.05844156
brazil ,0.008928572,0.0625,0.008928572,0.008928572,0.08035715,0.008928572,0.008928572
break ,0.002532928,0.02786221,5.07E-04,0.031914897,0.031914897,0.015704155,0.03495441
breakfast ,0.001552795,0.03881988,0.001552795,0.029503107,0.057453416,0.017080747,0.004658385
breaking ,1.40E-04,0.001534598,1.40E-04,0.10951451,0.002371652,9.77E-04,0.02887835
breast ,0.00310559,0.034161493,0.00310559,0.00931677,0.015527951,0.071428575,0.02173913
brian ,0.008928572,0.0625,0.008928572,0.04464286,0.008928572,0.008928572,0.04464286
bridge ,0.012605043,0.03781513,0.004201681,0.004201681,0.021008406,0.046218492,0.03781513
brief ,0.005102041,0.045918368,0.005102041,0.045918368,0.015306124,0.025510205,0.025510205
broken ,0.001116072,0.002455358,2.23E-04,0.12209822,0.0078125,0.003348214,0.006919643
brother ,0.015673175,0.007451182,2.57E-04,0.05318602,0.01053443,0.046505652,0.01053443
bug ,0.007936508,0.007936508,0.007936508,0.023809526,0.071428575,0.007936508,0.05555556
buildings ,0.007936508,0.103174604,0.007936508,0.007936508,0.007936508,0.039682545,0.007936508
bureau ,0.023809526,0.023809526,0.023809526,0.023809526,0.023809526,0.11904762,0.023809526
calling ,0.006766918,0.03533835,7.52E-04,0.02781955,0.02631579,0.02932331,0.020300753
camp ,0.016917294,0.013157894,0.001879699,0.016917294,0.005639098,0.039473683,0.058270678
cape ,0.023809526,0.023809526,0.023809526,0.023809526,0.071428575,0.023809526,0.071428575
cards ,3.19E-06,4.78E-05,0.001278699,4.78E-05,1.59E-05,2.23E-05,2.87E-05
care ,0.00310559,0.020496894,2.07E-04,0.025465839,0.020496894,0.05362319,0.020496894
career ,0.005494506,0.02747253,0.001831502,0.02747253,0.02747253,0.020146523,0.042124547
careers ,0.008928572,0.04464286,0.008928572,0.04464286,0.04464286,0.008928572,0.026785716
carried ,0.025714288,0.042857148,0.002857143,0.037142858,0.03142857,0.008571429,0.008571429
carry ,0.001488095,0.019345239,0.001488095,0.028273812,0.03720238,0.03720238,0.02529762
cast ,0.002747253,0.024725277,0.002747253,0.030219782,0.019230772,0.030219782,0.046703298
categories ,3.52E-06,3.52E-06,0.001410978,3.52E-06,3.52E-06,1.76E-05,3.52E-06
caused ,0.023437502,0.016741073,0.001116072,0.03013393,0.0390625,0.016741073,0.021205358
cc ,0.035714287,0.035714287,0.035714287,0.035714287,0.107142866,0.035714287,0.035714287
cent ,0.017857144,0.017857144,0.017857144,0.017857144,0.017857144,0.08928572,0.053571433
centers ,0.035714287,0.035714287,0.035714287,0.035714287,0.107142866,0.035714287,0.035714287
certainly ,7.68E-04,0.02688172,7.68E-04,0.0437788,0.02841782,0.031490017,0.014592934
ch ,0.035714287,0.107142866,0.035714287,0.035714287,0.035714287,0.035714287,0.035714287
chain ,0.025510205,0.015306124,0.005102041,0.025510205,0.035714287,0.025510205,0.035714287
chairman ,0.008928572,0.026785716,0.008928572,0.08035715,0.008928572,0.04464286,0.008928572
challenge ,0.006265665,0.036340855,0.001253133,0.013784462,0.02631579,0.03884712,0.02631579
changes ,2.45E-06,1.15E-04,9.81E-04,4.65E-05,5.14E-05,6.12E-05,1.83E-04
changing ,0.00170068,0.05952381,0.00170068,0.005102041,0.018707484,0.022108845,0.04251701
charges ,0.007142858,0.021428574,0.007142858,0.007142858,0.021428574,0.107142866,0.007142858
chart ,0.011904763,0.011904763,0.011904763,0.035714287,0.011904763,0.05952381,0.05952381
cheap ,0.010714287,0.017857144,0.003571429,0.03214286,0.039285716,0.03214286,0.025
checkout ,0.023809526,0.023809526,0.023809526,0.11904762,0.023809526,0.023809526,0.023809526
chemical ,0.039682545,0.039682545,0.007936508,0.039682545,0.023809526,0.007936508,0.023809526
christ ,7.00E-04,0.018907566,7.00E-04,0.00210084,0.003501401,0.107142866,0.013305323
circuit ,0.023809526,0.071428575,0.023809526,0.023809526,0.071428575,0.023809526,0.023809526
claim ,0.003571429,0.025,0.003571429,0.010714287,0.03214286,0.025,0.06071429
claims ,0.01948052,0.01948052,0.006493507,0.01948052,0.01948052,0.032467537,0.05844156
classical ,0.011904763,0.035714287,0.011904763,0.011904763,0.011904763,0.107142866,0.011904763
clean ,0.022200773,0.018339768,9.65E-04,0.035714287,0.035714287,0.020270271,0.014478765
cleaning ,0.003246754,0.02922078,0.003246754,0.02922078,0.02922078,0.02922078,0.035714287
clear ,0.005102041,0.029591838,0.001020408,0.029591838,0.02346939,0.031632654,0.027551021
clearly ,0.001347709,0.036388144,0.001347709,0.033692725,0.014824798,0.028301887,0.033692725
clip ,0.017857144,0.08928572,0.017857144,0.017857144,0.017857144,0.053571433,0.017857144
clips ,0.017857144,0.053571433,0.017857144,0.017857144,0.053571433,0.053571433,0.017857144
clock ,0.005494506,0.038461544,0.005494506,0.049450554,0.02747253,0.016483517,0.02747253
close ,8.79E-05,8.10E-05,4.58E-04,1.52E-04,1.77E-04,3.41E-04,1.38E-04
closed ,5.76E-04,0.009792628,5.76E-04,0.08237328,0.019009218,0.015552996,0.017857144
clothes ,0.010608205,0.03182461,7.07E-04,0.030410185,0.024752475,0.02758133,0.020509195
club ,4.07E-05,3.45E-05,0.001256266,3.45E-05,2.82E-05,2.82E-05,2.19E-05
clubs ,0.008928572,0.026785716,0.008928572,0.08035715,0.026785716,0.008928572,0.026785716
cm ,0.017857144,0.08928572,0.017857144,0.017857144,0.017857144,0.017857144,0.053571433
coast ,0.019841272,0.019841272,0.003968254,0.011904763,0.02777778,0.043650795,0.035714287
cock ,0.007936508,0.05555556,0.007936508,0.023809526,0.007936508,0.05555556,0.023809526
cold ,0.005696757,0.015337424,4.38E-04,0.053900097,0.039000876,0.010955303,0.019719545
collectibles ,0.035714287,0.107142866,0.035714287,0.035714287,0.035714287,0.035714287,0.035714287
colors ,0.003246754,0.0487013,0.003246754,0.022727275,0.022727275,0.035714287,0.022727275
colour ,0.002304148,0.020737328,0.002304148,0.002304148,0.025345622,0.071428575,0.029953917
column ,0.030612247,0.091836736,0.010204082,0.010204082,0.010204082,0.030612247,0.010204082
combination ,0.002463054,0.05172414,0.002463054,0.022167487,0.022167487,0.027093597,0.027093597
combined ,0.011904763,0.05952381,0.011904763,0.011904763,0.05952381,0.035714287,0.011904763
comfort ,0.001559576,0.007174049,3.12E-04,0.005926388,0.009045539,0.10761073,0.012788522
comics ,0.008928572,0.04464286,0.008928572,0.04464286,0.008928572,0.04464286,0.026785716
common ,8.93E-06,6.25E-05,0.001193453,6.25E-05,4.46E-05,5.06E-05,2.08E-05
companies ,3.37E-06,5.73E-05,0.001351078,1.01E-05,1.01E-05,3.37E-06,1.01E-05
compared ,0.001879699,0.043233085,0.001879699,0.035714287,0.028195491,0.020676693,0.020676693
comparison ,0.005494506,0.038461544,0.005494506,0.038461544,0.049450554,0.005494506,0.02747253
compatible ,0.001098901,0.003296704,0.001098901,0.001098901,0.003296704,0.13736264,0.001098901
competition ,0.002380953,0.011904763,0.002380953,0.030952383,0.011904763,0.08809524,0.007142858
complete ,7.68E-06,9.98E-05,0.001026626,4.35E-05,1.05E-04,7.94E-05,7.94E-05
completely ,0.002565488,0.028760467,1.35E-04,0.012287336,0.055495545,0.016608156,0.02768026
complex ,0.018796993,0.033834588,0.003759399,0.033834588,0.011278195,0.018796993,0.041353386
computing ,0.023809526,0.071428575,0.023809526,0.023809526,0.023809526,0.023809526,0.071428575
con ,0.014285715,0.071428575,0.014285715,0.014285715,0.042857148,0.042857148,0.014285715
concept ,0.005952382,0.065476194,0.005952382,0.029761905,0.005952382,0.005952382,0.053571433
concerns ,0.003571429,0.046428572,0.003571429,0.010714287,0.025,0.010714287,0.06071429
conduct ,0.045454547,0.01948052,0.006493507,0.05844156,0.01948052,0.006493507,0.01948052
connected ,0.00210084,0.027310926,0.00210084,0.023109246,0.010504203,0.05672269,0.031512607
consulting ,0.014285715,0.014285715,0.014285715,0.042857148,0.014285715,0.1,0.014285715
contacts ,0.014285715,0.014285715,0.014285715,0.042857148,0.042857148,0.014285715,0.071428575
contain ,0.007936508,0.039682545,0.007936508,0.023809526,0.039682545,0.039682545,0.023809526
contained ,0.035714287,0.035714287,0.035714287,0.107142866,0.035714287,0.035714287,0.035714287
containing ,0.014285715,0.042857148,0.014285715,0.071428575,0.014285715,0.014285715,0.042857148
contemporary ,0.014285715,0.042857148,0.014285715,0.014285715,0.071428575,0.042857148,0.014285715
contract ,0.007142858,0.021428574,0.007142858,0.035714287,0.007142858,0.05,0.05
controls ,0.035714287,0.035714287,0.035714287,0.035714287,0.035714287,0.035714287,0.107142866
convention ,0.035714287,0.035714287,0.035714287,0.035714287,0.035714287,0.035714287,0.107142866
conversion ,0.023809526,0.023809526,0.023809526,0.023809526,0.071428575,0.023809526,0.071428575
cool ,0.00166113,0.024916943,5.54E-04,0.009413068,0.004983389,0.08803987,0.016057586
copies ,0.008928572,0.026785716,0.008928572,0.08035715,0.026785716,0.008928572,0.026785716
corner ,0.002232143,0.055803575,0.002232143,0.03794643,0.024553573,0.006696429,0.024553573
cost ,0.014880952,0.044642854,0.002976191,0.044642854,0.014880952,0.020833334,0.014880952
costs ,3.50E-06,3.50E-06,0.001404062,3.50E-06,3.50E-06,1.05E-05,1.75E-05
counter ,0.019841272,0.019841272,0.003968254,0.06746032,0.003968254,0.02777778,0.019841272
covered ,0.002164502,0.041125543,0.002164502,0.006493507,0.01948052,0.02813853,0.054112557
covers ,0.003968254,0.035714287,0.003968254,0.003968254,0.019841272,0.035714287,0.05952381
cream ,0.006493507,0.01948052,0.002164502,0.010822511,0.06709957,0.02813853,0.01948052
creating ,0.011278195,0.02631579,0.003759399,0.018796993,0.041353386,0.033834588,0.02631579
creation ,0.004464286,0.058035716,0.004464286,0.004464286,0.013392858,0.06696429,0.013392858
creative ,5.62E-04,0.01631046,5.62E-04,0.007311587,0.008436446,0.10179978,0.010686165
credits ,0.010204082,0.05102041,0.010204082,0.05102041,0.010204082,0.05102041,0.010204082
crime ,1.27E-04,6.35E-04,1.27E-04,6.35E-04,3.81E-04,0.001398068,0.14018811
criminal ,0.017857144,0.017857144,0.017857144,0.08928572,0.017857144,0.053571433,0.017857144
criteria ,0.035714287,0.107142866,0.035714287,0.035714287,0.035714287,0.035714287,0.035714287
critical ,7.22E-04,0.002164502,7.22E-04,0.12914863,0.003607504,7.22E-04,0.00937951
cruise ,0.014285715,0.042857148,0.014285715,0.042857148,0.014285715,0.042857148,0.042857148
crystal ,0.010204082,0.05102041,0.010204082,0.010204082,0.010204082,0.071428575,0.030612247
ct ,0.017857144,0.017857144,0.017857144,0.017857144,0.017857144,0.125,0.017857144
cum ,0.023809526,0.023809526,0.023809526,0.11904762,0.023809526,0.023809526,0.023809526
customers ,0.02747253,0.02747253,0.005494506,0.049450554,0.016483517,0.02747253,0.016483517
cvs ,0.035714287,0.035714287,0.035714287,0.035714287,0.035714287,0.107142866,0.035714287
cycle ,0.002976191,0.026785716,0.002976191,0.026785716,0.0625,0.002976191,0.032738097
da ,0.005494506,0.082417585,0.005494506,0.005494506,0.016483517,0.02747253,0.02747253
dallas ,0.017857144,0.053571433,0.017857144,0.017857144,0.017857144,0.08928572,0.017857144
damage ,0.003759399,0.02631579,0.003759399,0.041353386,0.048872184,0.02631579,0.011278195
dan ,0.017857144,0.053571433,0.017857144,0.017857144,0.08928572,0.017857144,0.017857144
dance ,0.002782931,0.023191096,9.28E-04,0.017625233,0.017625233,0.071428575,0.013914657
daniel ,0.003401361,0.09863946,0.003401361,0.017006803,0.023809526,0.003401361,0.010204082
daughter ,0.002304148,0.03456221,7.68E-04,0.031490017,0.01920123,0.031490017,0.02688172
dave ,0.007936508,0.023809526,0.007936508,0.103174604,0.007936508,0.007936508,0.023809526
davis ,0.035714287,0.035714287,0.035714287,0.107142866,0.035714287,0.035714287,0.035714287
deal ,7.36E-04,0.022827689,7.36E-04,0.01988218,0.040500738,0.025773196,0.036082473
dealer ,0.014285715,0.014285715,0.014285715,0.071428575,0.014285715,0.071428575,0.014285715
death ,0.002176494,0.010091018,1.98E-04,0.008508112,0.020379897,0.010486745,0.09200634
debt ,0.005952382,0.017857144,0.005952382,0.029761905,0.017857144,0.065476194,0.029761905
decided ,0.004409171,0.018518519,2.94E-04,0.023809526,0.032039978,0.039682545,0.025573192
decisions ,0.010822511,0.02813853,0.002164502,0.015151517,0.032467537,0.015151517,0.04978355
dedicated ,0.006493507,0.032467537,0.006493507,0.032467537,0.01948052,0.05844156,0.01948052
deep ,0.005022322,0.030691966,5.58E-04,0.021763394,0.020647323,0.03404018,0.03292411
defense ,0.010204082,0.05102041,0.010204082,0.010204082,0.010204082,0.05102041,0.05102041
define ,0.011904763,0.011904763,0.011904763,0.05952381,0.035714287,0.011904763,0.05952381
degree ,0.002164502,0.045454547,0.002164502,0.02813853,0.01948052,0.045454547,0.010822511
degrees ,0.007142858,0.035714287,0.007142858,0.05,0.06428572,0.007142858,0.007142858
delete ,0.004761905,0.014285715,0.004761905,0.052380957,0.042857148,0.023809526,0.023809526
delivered ,0.071428575,0.023809526,0.023809526,0.071428575,0.023809526,0.023809526,0.023809526
delivery ,3.32E-06,3.65E-05,0.001332226,2.33E-05,3.32E-06,9.97E-06,3.65E-05
delta ,0.035714287,0.107142866,0.035714287,0.035714287,0.035714287,0.035714287,0.035714287
depth ,0.003759399,0.02631579,0.003759399,0.018796993,0.02631579,0.018796993,0.06390978
des ,0.023809526,0.071428575,0.023809526,0.071428575,0.023809526,0.023809526,0.023809526
designated ,0.023809526,0.071428575,0.023809526,0.023809526,0.023809526,0.023809526,0.071428575
designer ,0.014285715,0.042857148,0.014285715,0.071428575,0.014285715,0.014285715,0.042857148
designs ,0.007936508,0.08730159,0.007936508,0.023809526,0.007936508,0.007936508,0.039682545
desk ,0.00974026,0.016233768,0.003246754,0.042207796,0.042207796,0.02922078,0.016233768
despite ,0.004761905,0.02910053,5.29E-04,0.028042328,0.033333335,0.020634923,0.02910053
destination ,0.035714287,0.011904763,0.011904763,0.011904763,0.035714287,0.035714287,0.05952381
determined ,7.94E-04,0.010317462,7.94E-04,0.005555556,0.010317462,0.11190477,0.007142858
diamond ,0.014285715,0.014285715,0.014285715,0.014285715,0.042857148,0.071428575,0.042857148
die ,3.47E-04,0.006588073,3.47E-04,0.008668516,0.008668516,0.007975034,0.11199723
died ,6.42E-04,0.003468654,1.28E-04,0.003468654,0.028134637,0.002697842,0.1049589
diet ,0.002747253,0.030219782,9.16E-04,0.004578755,0.09615385,0.002747253,0.010073261
dining ,0.06746032,0.011904763,0.003968254,0.051587302,0.003968254,0.019841272,0.003968254
dinner ,0.025557013,0.021625165,6.55E-04,0.033420708,0.024246398,0.025557013,0.015072085
direction ,0.001373627,0.023351649,0.001373627,0.020604398,0.026098901,0.03159341,0.04532967
directors ,0.014285715,0.014285715,0.014285715,0.071428575,0.014285715,0.042857148,0.042857148
disc ,0.035714287,0.035714287,0.035714287,0.035714287,0.035714287,0.035714287,0.107142866
discount ,0.017857144,0.125,0.017857144,0.017857144,0.017857144,0.017857144,0.017857144
discover ,0.007936508,0.071428575,0.002645503,0.013227513,0.007936508,0.013227513,0.039682545
discuss ,0.020089287,0.011160715,0.002232143,0.029017858,0.020089287,0.015625,0.055803575
discussions ,0.008928572,0.026785716,0.008928572,0.04464286,0.008928572,0.008928572,0.08035715
disease ,0.002551021,0.022959184,0.002551021,0.053571433,0.04336735,0.007653062,0.022959184
disney ,0.007142858,0.05,0.007142858,0.05,0.035714287,0.021428574,0.007142858
displayed ,0.035714287,0.05952381,0.011904763,0.011904763,0.011904763,0.035714287,0.035714287
distributed ,0.023809526,0.023809526,0.023809526,0.023809526,0.023809526,0.023809526,0.11904762
dj ,0.011904763,0.05952381,0.011904763,0.035714287,0.035714287,0.035714287,0.011904763
doc ,0.011904763,0.011904763,0.011904763,0.011904763,0.05952381,0.035714287,0.05952381
doctor ,0.006493507,0.021335807,9.28E-04,0.008348795,0.038033396,0.021335807,0.051020406
dogs ,0.012820514,0.020146523,0.001831502,0.009157511,0.012820514,0.038461544,0.056776565
dollar ,0.026785716,0.026785716,0.008928572,0.026785716,0.008928572,0.0625,0.026785716
domestic ,0.017857144,0.017857144,0.017857144,0.125,0.017857144,0.017857144,0.017857144
don ,5.77E-05,0.027636742,5.77E-05,0.026367413,0.038945306,0.020482345,0.029598432
dot ,0.005952382,0.029761905,0.005952382,0.053571433,0.005952382,0.065476194,0.005952382
draft ,0.004464286,0.040178575,0.004464286,0.013392858,0.03125,0.040178575,0.03125
dream ,5.62E-04,0.055680543,5.62E-04,0.014060743,0.0208099,0.0208099,0.03318335
dress ,0.008196722,0.040983606,0.00117096,0.017564405,0.019906323,0.04800937,0.012880562
drink ,0.015306124,0.026967932,7.29E-04,0.032798834,0.04008746,0.015306124,0.015306124
drivers ,0.023809526,0.010204082,0.003401361,0.06462585,0.003401361,0.023809526,0.030612247
drives ,0.035714287,0.05,0.007142858,0.035714287,0.007142858,0.035714287,0.007142858
driving ,0.008760109,0.019541781,6.74E-04,0.031671163,0.014150944,0.030323451,0.04110513
drop ,0.00170068,0.025510205,0.00170068,0.028911566,0.045918368,0.015306124,0.032312926
drugs ,0.06883117,0.032467537,0.001298701,0.00909091,0.00909091,0.00909091,0.01948052
dry ,0.010822511,0.02813853,0.002164502,0.032467537,0.036796536,0.023809526,0.01948052
duty ,0.00487013,0.02435065,0.001623377,0.030844158,0.01461039,0.060064934,0.01461039
dynamic ,0.010204082,0.030612247,0.010204082,0.030612247,0.010204082,0.071428575,0.030612247
earlier ,0.002209131,0.018409425,7.36E-04,0.03902798,0.031664215,0.021354934,0.033136968
easier ,0.001879699,0.02443609,0.001879699,0.046992477,0.020676693,0.016917294,0.039473683
easy ,7.26E-06,1.14E-04,9.71E-04,9.93E-05,1.09E-04,7.51E-05,6.54E-05
eat ,0.01845419,0.017151542,2.17E-04,0.021927921,0.06969171,0.009335649,0.007164568
economic ,0.007142858,0.06428572,0.007142858,0.007142858,0.021428574,0.06428572,0.007142858
economics ,0.01948052,0.032467537,0.006493507,0.032467537,0.006493507,0.05844156,0.01948052
editorial ,0.035714287,0.107142866,0.035714287,0.035714287,0.035714287,0.035714287,0.035714287
eight ,0.00310559,0.034161493,0.00310559,0.015527951,0.059006214,0.027950311,0.015527951
either ,0.006390978,0.033458646,3.76E-04,0.02894737,0.024436092,0.020676695,0.030451128
election ,3.37E-04,0.003032345,3.37E-04,0.001684636,0.001684636,3.37E-04,0.1371294
electrical ,0.014285715,0.042857148,0.014285715,0.071428575,0.014285715,0.042857148,0.014285715
element ,0.006493507,0.032467537,0.006493507,0.006493507,0.045454547,0.032467537,0.045454547
em ,0.008928572,0.04464286,0.008928572,0.0625,0.026785716,0.008928572,0.026785716
emergency ,0.001210654,0.003631961,0.001210654,0.003631961,0.006053269,0.003631961,0.12953995
empty ,7.85E-04,0.021193095,7.85E-04,0.014913659,0.07927787,0.011773941,0.018053377
ended ,0.002880184,0.02246544,5.76E-04,0.021313366,0.036290325,0.032834105,0.029377881
ends ,0.002164502,0.02813853,0.002164502,0.041125543,0.032467537,0.015151517,0.032467537
energy ,2.00E-04,0.018954512,2.00E-04,0.006185156,0.070031926,0.03451716,0.01376696
enjoy ,2.89E-04,0.030942744,2.89E-04,0.017640255,0.02689416,0.046558704,0.02168884
enter ,8.64E-06,3.74E-05,0.001154954,4.32E-05,1.44E-05,1.12E-04,7.20E-05
environment ,4.30E-05,6.60E-05,0.001150316,2.58E-05,4.30E-05,5.45E-05,6.02E-05
equal ,0.007142858,0.021428574,0.007142858,0.021428574,0.035714287,0.05,0.035714287
equity ,0.035714287,0.107142866,0.035714287,0.035714287,0.035714287,0.035714287,0.035714287
eric ,0.005494506,0.02747253,0.005494506,0.049450554,0.016483517,0.02747253,0.038461544
errors ,0.083333336,0.011904763,0.011904763,0.011904763,0.035714287,0.011904763,0.035714287
es ,0.023809526,0.023809526,0.023809526,0.071428575,0.023809526,0.071428575,0.023809526
especially ,0.003875969,0.022702105,1.85E-04,0.037098564,0.026024364,0.019379845,0.034514584
essential ,0.005494506,0.02747253,0.005494506,0.016483517,0.049450554,0.02747253,0.038461544
estimated ,0.010204082,0.05102041,0.010204082,0.091836736,0.010204082,0.010204082,0.010204082
eu ,0.017857144,0.08928572,0.017857144,0.053571433,0.017857144,0.017857144,0.017857144
europe ,0.019841272,0.011904763,0.003968254,0.043650795,0.02777778,0.02777778,0.02777778
evaluation ,0.010204082,0.030612247,0.010204082,0.030612247,0.030612247,0.030612247,0.05102041
evening ,0.013030889,0.012065638,4.83E-04,0.03137066,0.027509654,0.03137066,0.029440157
exactly ,0.003030303,0.051515155,4.33E-04,0.017748918,0.016017316,0.035064936,0.021212123
excellent ,0.038461544,0.02747253,0.005494506,0.02747253,0.016483517,0.02747253,0.02747253
exclusive ,0.011904763,0.011904763,0.011904763,0.011904763,0.107142866,0.035714287,0.011904763
expect ,0.002429544,0.022837708,4.86E-04,0.013119535,0.009232265,0.0782313,0.018950438
experience ,7.47E-06,1.90E-04,5.99E-04,1.18E-04,1.21E-04,2.14E-04,1.87E-04
experts ,0.017857144,0.017857144,0.017857144,0.125,0.017857144,0.017857144,0.017857144
explore ,0.003246754,0.055194806,0.003246754,0.00974026,0.016233768,0.042207796,0.02922078
exposure ,0.010204082,0.030612247,0.010204082,0.030612247,0.010204082,0.010204082,0.091836736
expression ,0.002164502,0.045454547,0.002164502,0.02813853,0.032467537,0.02813853,0.015151517
extended ,0.005102041,0.035714287,0.005102041,0.025510205,0.045918368,0.005102041,0.045918368
extension ,0.008928572,0.026785716,0.008928572,0.026785716,0.026785716,0.008928572,0.08035715
extreme ,0.007653062,0.053571433,0.002551021,0.022959184,0.04336735,0.007653062,0.017857144
face ,0.0029274,0.036885247,1.95E-04,0.024785327,0.015027323,0.04195941,0.022053083
fact ,0.004166667,0.03154762,1.98E-04,0.028373018,0.0375,0.015674604,0.02638889
factory ,0.0867347,0.015306124,0.005102041,0.005102041,0.015306124,0.015306124,0.025510205
facts ,0.030612247,0.010204082,0.003401361,0.030612247,0.030612247,0.04421769,0.010204082
fail ,0.001283148,0.00641574,4.28E-04,0.11591104,0.001283148,0.0106929,0.008982036
failed ,0.011715798,0.002645503,3.78E-04,0.06991686,0.04270597,0.013227513,0.004157219
failure ,0.00169262,0.004400813,3.39E-04,0.009140149,0.015233582,0.002369668,0.11137441
fair ,0.021428574,0.021428574,0.001428571,0.024285715,0.035714287,0.027142858,0.018571429
faith ,7.76E-04,0.014751554,7.76E-04,0.024068324,0.011645963,0.047360253,0.047360253
fall ,9.04E-04,0.013200725,1.81E-04,0.008137433,0.009222424,0.009222424,0.102893315
falls ,0.015306124,0.045918368,0.005102041,0.005102041,0.015306124,0.025510205,0.056122452
false ,0.02747253,0.02747253,0.001831502,0.038461544,0.023809526,0.020146523,0.012820514
famous ,0.004464286,0.058035716,0.004464286,0.040178575,0.02232143,0.02232143,0.013392858
fan ,0.001879699,0.043233085,0.001879699,0.02443609,0.02443609,0.03195489,0.02443609
fans ,0.005952382,0.029761905,0.001984127,0.053571433,0.009920636,0.021825397,0.029761905
fantasy ,0.005494506,0.082417585,0.005494506,0.016483517,0.016483517,0.02747253,0.016483517
far ,0.001248751,0.052197803,2.50E-04,0.015734266,0.028221779,0.021228772,0.025224777
faster ,0.010822511,0.032467537,0.002164502,0.010822511,0.045454547,0.01948052,0.032467537
fat ,0.020879123,0.023076925,0.001098901,0.025274727,0.047252752,0.012087913,0.018681321
favorites ,0.023809526,0.023809526,0.023809526,0.023809526,0.11904762,0.023809526,0.023809526
fear ,4.12E-04,0.00502554,8.24E-05,0.004201681,0.003377822,0.007332345,0.12283738
features ,1.62E-05,9.37E-05,0.001296057,3.23E-06,1.62E-05,9.70E-06,9.70E-06
feedback ,3.32E-06,2.33E-05,0.001332226,3.32E-06,1.66E-05,2.99E-05,3.65E-05
feeds ,0.014285715,0.014285715,0.014285715,0.042857148,0.071428575,0.042857148,0.014285715
felt ,0.019819312,0.022077924,5.65E-05,0.02557877,0.021513272,0.029418409,0.024675326
festival ,0.015306124,0.035714287,0.005102041,0.056122452,0.015306124,0.015306124,0.025510205
fiction ,0.008928572,0.026785716,0.008928572,0.04464286,0.026785716,0.026785716,0.04464286
fight ,0.001317615,0.0018724,6.93E-05,0.049583916,0.002011096,0.001733703,0.086615816
figures ,0.005494506,0.016483517,0.005494506,0.02747253,0.016483517,0.060439564,0.038461544
filed ,0.035714287,0.035714287,0.035714287,0.035714287,0.107142866,0.035714287,0.035714287
fill ,0.00166113,0.024916943,0.00166113,0.041528244,0.024916943,0.034883723,0.021594686
film ,2.02E-04,1.37E-04,8.18E-04,7.14E-05,3.88E-05,9.18E-05,7.96E-05
films ,0.046583854,0.046583854,0.00310559,0.00310559,0.015527951,0.00931677,0.034161493
finding ,0.005952382,0.029761905,6.61E-04,0.017857144,0.028439155,0.039021164,0.024470901
fine ,0.002380953,0.013809525,4.76E-04,0.010000001,0.012857144,0.07380953,0.031904764
finish ,0.006627393,0.03902798,7.36E-04,0.013991164,0.040500738,0.02724595,0.018409425
finished ,0.00166113,0.034883723,5.54E-04,0.026024364,0.021594685,0.03820598,0.022702105
fire ,0.003840246,0.011520738,7.68E-04,0.008448541,0.008448541,0.023809526,0.089861766
firm ,0.005952382,0.041666668,0.005952382,0.053571433,0.029761905,0.029761905,0.005952382
fishing ,0.004761905,0.052380957,0.004761905,0.014285715,0.014285715,0.033333335,0.042857148
fit ,5.90E-04,0.020661157,5.90E-04,0.032467537,0.01475797,0.05844156,0.018299883
fitness ,0.002857143,0.025714288,0.002857143,0.002857143,0.042857148,0.014285715,0.06571429
fix ,0.001879699,0.016917294,0.001879699,0.043233085,0.065789476,0.009398497,0.013157894
flag ,0.011904763,0.05952381,0.011904763,0.011904763,0.035714287,0.035714287,0.035714287
flight ,0.003571429,0.039285716,0.003571429,0.003571429,0.025,0.03214286,0.053571433
flights ,0.008928572,0.026785716,0.008928572,0.0625,0.026785716,0.008928572,0.04464286
flower ,0.010204082,0.05102041,0.010204082,0.010204082,0.030612247,0.05102041,0.030612247
flowers ,0.011904763,0.026190478,0.002380953,0.021428574,0.016666668,0.06428572,0.011904763
fly ,0.00974026,0.0487013,0.003246754,0.00974026,0.02922078,0.02922078,0.02922078
followed ,0.005376345,0.014592934,7.68E-04,0.005376345,0.011520738,0.014592934,0.094470054
follows ,0.023809526,0.023809526,0.023809526,0.071428575,0.023809526,0.071428575,0.023809526
font ,9.92E-04,0.006944445,9.92E-04,0.004960318,0.020833334,0.1061508,0.006944445
forced ,0.004407776,0.001243219,1.13E-04,0.12059224,0.001243219,0.001695298,0.014127487
forces ,0.006493507,0.006493507,0.006493507,0.006493507,0.032467537,0.11038961,0.006493507
forecast ,0.035714287,0.107142866,0.035714287,0.035714287,0.035714287,0.035714287,0.035714287
forgot ,3.04E-04,0.005167174,3.04E-04,0.12553191,0.003951368,0.006382979,0.002735562
fort ,0.035714287,0.035714287,0.035714287,0.035714287,0.035714287,0.107142866,0.035714287
fr ,0.035714287,0.107142866,0.035714287,0.035714287,0.035714287,0.035714287,0.035714287
frames ,0.017857144,0.053571433,0.017857144,0.017857144,0.053571433,0.017857144,0.053571433
framework ,0.035714287,0.035714287,0.035714287,0.035714287,0.035714287,0.035714287,0.107142866
frank ,0.008928572,0.026785716,0.008928572,0.026785716,0.0625,0.026785716,0.026785716
freedom ,0.004043127,0.05256065,0.001347709,0.020215636,0.02560647,0.020215636,0.02560647
frequency ,0.007936508,0.023809526,0.007936508,0.007936508,0.023809526,0.023809526,0.08730159
frequently ,0.022167487,0.007389163,0.002463054,0.022167487,0.041871924,0.032019705,0.027093597
fresh ,0.00210084,0.031512607,0.00210084,0.00210084,0.039915968,0.06092437,0.014705883
friends ,0.016394896,0.015508685,8.86E-05,0.042272247,0.019762496,0.026852181,0.022421129
fuck ,0.001785714,0.037500005,0.001785714,0.033928573,0.030357145,0.033928573,0.0125
fucking ,0.003644315,0.025510205,7.29E-04,0.04008746,0.045918364,0.01676385,0.013848397
fuel ,0.006493507,0.01948052,0.006493507,0.05844156,0.045454547,0.006493507,0.032467537
fully ,8.82E-04,0.032627866,8.82E-04,0.022045856,0.023809526,0.036155205,0.0308642
fun ,2.24E-05,1.03E-04,5.99E-04,8.22E-05,6.43E-05,5.07E-04,5.83E-05
funny ,7.76E-04,0.086801246,1.55E-04,0.002639752,0.002639752,0.047981367,0.002639752
future ,2.63E-05,8.70E-05,8.11E-04,6.68E-05,8.70E-05,1.03E-04,2.57E-04
gain ,0.00170068,0.015306124,0.00170068,0.008503402,0.0867347,0.018707484,0.018707484
gambling ,0.011904763,0.05952381,0.011904763,0.035714287,0.05952381,0.011904763,0.011904763
gaming ,0.005102041,0.07653062,0.005102041,0.025510205,0.015306124,0.005102041,0.035714287
garden ,2.08E-05,3.27E-05,0.001193453,5.65E-05,3.87E-05,7.44E-05,2.68E-05
gave ,0.008175559,0.015920827,4.30E-04,0.027108435,0.021084337,0.058089502,0.014199656
gay ,1.72E-05,3.19E-05,9.84E-04,1.23E-05,7.36E-06,3.17E-04,7.12E-05
gb ,0.017857144,0.017857144,0.017857144,0.08928572,0.053571433,0.017857144,0.017857144
gear ,0.005494506,0.02747253,0.005494506,0.049450554,0.038461544,0.038461544,0.005494506
gender ,0.023809526,0.071428575,0.023809526,0.023809526,0.023809526,0.023809526,0.071428575
gene ,0.035714287,0.035714287,0.035714287,0.107142866,0.035714287,0.035714287,0.035714287
gift ,1.84E-06,4.59E-05,7.36E-04,4.22E-05,4.59E-05,5.53E-04,1.29E-05
gifts ,0.003759399,0.018796993,0.003759399,0.056390982,0.018796993,0.048872184,0.011278195
girls ,8.32E-05,8.32E-05,8.14E-04,2.21E-04,1.08E-04,7.10E-05,5.88E-05
given ,1.57E-05,1.21E-04,5.73E-04,9.00E-05,9.00E-05,4.56E-04,9.00E-05
goal ,0.002819549,0.029135339,9.40E-04,0.023496242,0.017857144,0.055451132,0.017857144
goals ,0.001785714,0.055357143,0.001785714,0.023214286,0.01964286,0.01607143,0.033928573
god ,6.82E-04,0.018577496,0.030406432,0.008113436,0.008871703,0.064225055,0.012359722
goes ,0.005791506,0.036679536,6.44E-04,0.014800515,0.034105536,0.026383527,0.027670529
golden ,0.006493507,0.006493507,0.006493507,0.01948052,0.006493507,0.084415585,0.045454547
golf ,0.010204082,0.05102041,0.010204082,0.071428575,0.010204082,0.010204082,0.030612247
gone ,0.002759044,0.038320053,3.07E-04,0.02912324,0.026670756,0.022992032,0.024218272
good ,0.004249292,0.022865238,6.74E-05,0.021516256,0.024079321,0.04917038,0.02124646
goods ,0.006493507,0.032467537,0.006493507,0.084415585,0.006493507,0.032467537,0.006493507
got ,0.007479169,0.024846906,0.020128502,0.024344945,0.014908142,0.03428371,0.017116755
graduate ,0.002515091,0.005533199,5.03E-04,5.03E-04,0.003521127,0.12927566,0.003521127
grand ,9.28E-04,0.004638219,9.28E-04,0.006493507,0.013914657,0.11595548,0.004638219
graphic ,0.008928572,0.008928572,0.008928572,0.026785716,0.0625,0.04464286,0.026785716
great ,0.002212781,0.013896266,0.03549301,0.006992389,0.009116659,0.059568066,0.016020535
greater ,0.002747253,0.030219782,0.002747253,0.002747253,0.008241759,0.041208792,0.06868132
grow ,9.78E-04,0.036203522,9.78E-04,0.016634053,0.018590998,0.04011742,0.034246575
growing ,0.001347709,0.039083563,0.001347709,0.028301887,0.020215636,0.020215636,0.039083563
guarantee ,0.005952382,0.053571433,0.005952382,0.029761905,0.017857144,0.029761905,0.029761905
guaranteed ,0.035714287,0.035714287,0.035714287,0.035714287,0.035714287,0.035714287,0.107142866
guess ,1.82E-04,0.0300656,1.82E-04,0.024234693,0.028972303,0.019497085,0.040634114
guitar ,0.006493507,0.071428575,0.006493507,0.006493507,0.006493507,0.071428575,0.006493507
hall ,0.065476194,0.009920636,0.001984127,0.029761905,0.005952382,0.025793651,0.01388889
handle ,0.00127551,0.021683674,0.00127551,0.031887755,0.016581632,0.039540816,0.036989797
handling ,0.006493507,0.071428575,0.006493507,0.006493507,0.01948052,0.05844156,0.006493507
happen ,0.005519481,0.03214286,3.25E-04,0.02305195,0.02435065,0.019805197,0.039285716
happy ,3.84E-04,0.018183213,7.67E-05,0.015267762,0.010050637,0.090148844,0.009129969
hard ,5.05E-05,1.34E-04,4.50E-04,1.70E-04,2.10E-04,1.63E-04,2.57E-04
harry ,0.003571429,0.046428572,0.003571429,0.039285716,0.03214286,0.010714287,0.025
hawaii ,0.010204082,0.05102041,0.010204082,0.05102041,0.010204082,0.030612247,0.030612247
headlines ,0.035714287,0.035714287,0.035714287,0.035714287,0.107142866,0.035714287,0.035714287
healthcare ,0.035714287,0.035714287,0.035714287,0.107142866,0.035714287,0.035714287,0.035714287
healthy ,2.93E-04,0.014929744,2.93E-04,0.006733021,0.026639346,0.0898712,0.005562061
heard ,0.01739332,0.022495363,2.32E-04,0.035482377,0.016465677,0.0317718,0.020176254
heart ,1.45E-04,0.027327936,1.45E-04,0.018941587,0.020965878,0.051041063,0.025014462
heat ,0.00170068,0.04251701,0.00170068,0.011904763,0.056122452,0.015306124,0.022108845
heavy ,0.002688172,0.006528418,3.84E-04,0.055683564,0.021889402,0.004224271,0.05337942
height ,0.001984127,0.053571433,0.001984127,0.017857144,0.037698418,0.021825397,0.017857144
held ,0.007936508,0.032627866,8.82E-04,0.025573192,0.022045856,0.037918873,0.020282188
hello ,0.002645503,0.018518519,0.002645503,0.02910053,0.08201059,0.013227513,0.007936508
helps ,0.001066098,0.018123668,0.001066098,0.013859276,0.03944563,0.043710027,0.030916845
henry ,0.017857144,0.029761905,0.005952382,0.017857144,0.005952382,0.017857144,0.077380955
hey ,8.50E-04,0.08928572,8.50E-04,0.005952382,0.024659863,0.011054423,0.014455783
hidden ,0.004464286,0.049107146,0.004464286,0.02232143,0.004464286,0.06696429,0.013392858
hide ,0.006377551,0.016581632,0.00127551,0.034438778,0.016581632,0.019132653,0.054846942
highest ,0.007142858,0.021428574,0.007142858,0.06428572,0.007142858,0.06428572,0.007142858
highly ,0.005854801,0.026932085,0.00117096,0.033957846,0.00117096,0.012880562,0.06674474
hip ,0.005952382,0.017857144,0.005952382,0.041666668,0.053571433,0.017857144,0.029761905
hire ,0.017857144,0.017857144,0.017857144,0.017857144,0.08928572,0.017857144,0.053571433
hit ,0.004065041,0.045876887,5.81E-04,0.021486646,0.020325204,0.015679443,0.037746806
hits ,0.004761905,0.071428575,0.004761905,0.014285715,0.033333335,0.033333335,0.004761905
hiv ,0.017857144,0.053571433,0.017857144,0.017857144,0.053571433,0.017857144,0.053571433
hold ,0.002463054,0.025123155,4.93E-04,0.026108375,0.032019705,0.028078819,0.031034485
hole ,0.006696429,0.042410716,0.002232143,0.029017858,0.015625,0.033482146,0.024553573
holiday ,0.008365508,0.022522522,6.44E-04,0.027670529,0.01866152,0.045688547,0.022522522
holidays ,0.014285715,0.014285715,0.001587302,0.02698413,0.04603175,0.030158732,0.017460318
hong ,0.014285715,0.042857148,0.014285715,0.014285715,0.014285715,0.071428575,0.042857148
hope ,3.40E-04,0.013923478,1.13E-04,0.009395519,0.01596106,0.04154404,0.062146258
hot ,2.64E-06,5.54E-05,0.001056932,8.70E-05,9.75E-05,7.64E-05,6.59E-05
household ,0.010204082,0.030612247,0.010204082,0.010204082,0.030612247,0.05102041,0.05102041
houses ,0.003246754,0.016233768,0.003246754,0.042207796,0.022727275,0.022727275,0.0487013
houston ,0.023809526,0.11904762,0.023809526,0.023809526,0.023809526,0.023809526,0.023809526
hr ,0.023809526,0.023809526,0.023809526,0.023809526,0.071428575,0.023809526,0.071428575
huge ,8.12E-04,0.03327922,8.12E-04,0.026785716,0.025162337,0.026785716,0.03327922
hunter ,0.014285715,0.042857148,0.014285715,0.014285715,0.042857148,0.014285715,0.071428575
ice ,0.004201681,0.026610646,0.00140056,0.018207286,0.04061625,0.023809526,0.035014007
icon ,0.014285715,0.1,0.014285715,0.014285715,0.014285715,0.042857148,0.014285715
ideal ,0.005952382,0.029761905,0.005952382,0.005952382,0.041666668,0.041666668,0.041666668
identified ,0.014285715,0.071428575,0.014285715,0.014285715,0.042857148,0.042857148,0.014285715
identify ,0.00105042,0.005252102,0.00105042,0.003151261,0.00105042,0.12710086,0.009453783
identity ,0.014285715,0.071428575,0.004761905,0.023809526,0.014285715,0.004761905,0.033333335
immediately ,0.002551021,0.031462587,8.50E-04,0.038265307,0.033163264,0.019557824,0.021258505
import ,0.023809526,0.11904762,0.023809526,0.023809526,0.023809526,0.023809526,0.023809526
importance ,0.002645503,0.039682545,0.002645503,0.02910053,0.023809526,0.02910053,0.02910053
important ,0.010748959,0.014909849,3.47E-04,0.023231624,0.016990293,0.066227466,0.012135922
improve ,0.003401361,0.030612247,0.003401361,0.017006803,0.037414968,0.030612247,0.037414968
improved ,0.007142858,0.07857143,0.007142858,0.021428574,0.021428574,0.007142858,0.035714287
incest ,0.107142866,0.035714287,0.035714287,0.035714287,0.035714287,0.035714287,0.035714287
inch ,0.006493507,0.01948052,0.006493507,0.01948052,0.006493507,0.05844156,0.05844156
inches ,0.005102041,0.056122452,0.005102041,0.005102041,0.045918368,0.015306124,0.035714287
increase ,0.003759399,0.02631579,0.003759399,0.011278195,0.06390978,0.02631579,0.02631579
increasing ,0.017857144,0.053571433,0.017857144,0.053571433,0.053571433,0.017857144,0.017857144
indeed ,0.001552795,0.048136648,0.001552795,0.029503107,0.023291927,0.029503107,0.017080747
indiana ,0.014285715,0.042857148,0.014285715,0.014285715,0.014285715,0.071428575,0.042857148
industries ,0.11904762,0.023809526,0.023809526,0.023809526,0.023809526,0.023809526,0.023809526
influence ,0.014285715,0.014285715,0.002857143,0.037142858,0.020000001,0.03142857,0.037142858
injury ,0.003968254,0.02777778,0.003968254,0.011904763,0.019841272,0.019841272,0.07539683
installed ,0.014285715,0.042857148,0.014285715,0.042857148,0.042857148,0.014285715,0.042857148
instance ,0.02747253,0.038461544,0.005494506,0.02747253,0.005494506,0.038461544,0.02747253
instant ,0.010204082,0.030612247,0.010204082,0.010204082,0.05102041,0.05102041,0.030612247
institutions ,0.035714287,0.035714287,0.035714287,0.107142866,0.035714287,0.035714287,0.035714287
intelligence ,0.004761905,0.023809526,0.004761905,0.004761905,0.033333335,0.061904766,0.033333335
intended ,0.003246754,0.02922078,0.003246754,0.0487013,0.035714287,0.022727275,0.016233768
interest ,0.002880184,0.019009218,5.76E-04,0.008640553,0.015552996,0.07776498,0.021313366
interested ,0.011224491,0.05,0.001020408,0.02346939,0.005102041,0.015306124,0.041836735
interesting ,0.001623377,0.053571433,0.001623377,0.017857144,0.03733766,0.017857144,0.021103898
interests ,0.032467537,0.05844156,0.006493507,0.045454547,0.01948052,0.006493507,0.006493507
interior ,0.017857144,0.053571433,0.017857144,0.017857144,0.017857144,0.053571433,0.053571433
interview ,0.005226481,0.04355401,0.00174216,0.022648085,0.019163765,0.03310105,0.026132407
introduced ,0.039285716,0.017857144,0.003571429,0.010714287,0.017857144,0.039285716,0.03214286
involved ,0.022321427,0.024107145,8.93E-04,0.022321427,0.01875,0.016964287,0.041964285
iowa ,0.023809526,0.023809526,0.023809526,0.071428575,0.023809526,0.023809526,0.071428575
ipod ,0.006493507,0.032467537,0.006493507,0.045454547,0.032467537,0.01948052,0.032467537
iron ,0.004761905,0.033333335,0.004761905,0.033333335,0.071428575,0.014285715,0.004761905
israel ,0.003968254,0.02777778,0.003968254,0.011904763,0.06746032,0.011904763,0.035714287
issued ,0.023809526,0.071428575,0.023809526,0.023809526,0.023809526,0.023809526,0.071428575
issues ,2.63E-06,6.57E-05,0.001053046,1.18E-04,7.09E-05,5.51E-05,7.62E-05
iv ,0.035714287,0.035714287,0.035714287,0.035714287,0.107142866,0.035714287,0.035714287
jackson ,0.011904763,0.05952381,0.011904763,0.011904763,0.035714287,0.011904763,0.05952381
jazz ,0.035714287,0.107142866,0.035714287,0.035714287,0.035714287,0.035714287,0.035714287
jesus ,7.60E-04,0.026595745,7.60E-04,0.005319149,0.003799392,0.09498481,0.014437691
joseph ,0.017857144,0.017857144,0.017857144,0.017857144,0.08928572,0.017857144,0.053571433
judge ,0.002747253,0.013736265,0.002747253,0.052197803,0.019230772,0.008241759,0.057692308
junior ,0.035714287,0.007142858,0.007142858,0.05,0.035714287,0.035714287,0.007142858
keep ,2.40E-05,1.65E-04,4.58E-04,1.91E-04,2.25E-04,1.93E-04,1.79E-04
kelly ,0.014285715,0.1,0.014285715,0.014285715,0.014285715,0.014285715,0.042857148
kentucky ,0.035714287,0.035714287,0.035714287,0.035714287,0.107142866,0.035714287,0.035714287
kept ,0.00949051,0.024475526,5.00E-04,0.053446554,0.022477524,0.012487513,0.022477524
kids ,3.32E-04,0.029568108,3.32E-04,0.034883723,0.032890365,0.02292359,0.02358804
kinds ,0.017857144,0.053571433,0.003571429,0.003571429,0.039285716,0.017857144,0.025
knew ,0.009103643,0.025910364,2.33E-04,0.032446314,0.023109246,0.02777778,0.025443513
kong ,0.011904763,0.035714287,0.011904763,0.035714287,0.011904763,0.05952381,0.035714287
korea ,0.005102041,0.035714287,0.005102041,0.07653062,0.025510205,0.005102041,0.015306124
lab ,0.007936508,0.023809526,0.007936508,0.023809526,0.071428575,0.023809526,0.023809526
lack ,0.004101839,0.010042434,1.41E-04,0.10141443,0.01824611,0.002687412,0.006930693
ladies ,0.004761905,0.061904766,0.004761905,0.061904766,0.014285715,0.004761905,0.014285715
lady ,0.022504892,0.03033268,9.78E-04,0.03816047,0.012720157,0.024461841,0.018590998
lake ,0.005102041,0.025510205,0.005102041,0.005102041,0.035714287,0.056122452,0.035714287
laptop ,0.004464286,0.03125,0.004464286,0.040178575,0.013392858,0.049107146,0.02232143
larger ,0.005952382,0.029761905,0.005952382,0.029761905,0.029761905,0.041666668,0.029761905
late ,8.10E-04,0.002430815,6.23E-05,0.1277113,0.005173273,0.00180753,0.005173273
latin ,0.023809526,0.023809526,0.023809526,0.023809526,0.023809526,0.071428575,0.071428575
laws ,0.005102041,0.015306124,0.005102041,0.035714287,0.045918368,0.015306124,0.045918368
lawyer ,0.011904763,0.011904763,0.011904763,0.05952381,0.011904763,0.083333336,0.011904763
layer ,0.007936508,0.039682545,0.007936508,0.023809526,0.039682545,0.05555556,0.007936508
leader ,0.027142858,0.012857144,0.001428571,0.04428572,0.010000001,0.04428572,0.010000001
leaders ,0.023809526,0.014285715,0.004761905,0.033333335,0.033333335,0.033333335,0.023809526
leadership ,0.010204082,0.05102041,0.010204082,0.030612247,0.030612247,0.010204082,0.05102041
leads ,0.00310559,0.034161493,0.00310559,0.034161493,0.04037267,0.027950311,0.015527951
league ,0.042857148,0.014285715,0.014285715,0.014285715,0.042857148,0.042857148,0.042857148
learning ,1.66E-05,1.35E-04,9.48E-04,6.86E-05,1.11E-04,6.86E-05,9.22E-05
leather ,0.015306124,0.015306124,0.005102041,0.005102041,0.005102041,0.096938774,0.025510205
leave ,0.002209131,0.011045655,1.05E-04,0.08447297,0.017147066,0.011676836,0.016726278
legal ,1.72E-05,1.03E-05,0.00137706,3.43E-06,3.43E-06,1.72E-05,1.72E-05
legislation ,0.035714287,0.035714287,0.035714287,0.035714287,0.107142866,0.035714287,0.035714287
les ,0.035714287,0.035714287,0.035714287,0.035714287,0.035714287,0.035714287,0.107142866
lesbian ,0.023809526,0.071428575,0.023809526,0.023809526,0.023809526,0.023809526,0.071428575
less ,9.76E-04,0.02633861,1.08E-04,0.024604382,0.03262519,0.023086928,0.03566009
let ,1.01E-05,1.67E-04,4.50E-04,2.68E-04,1.87E-04,1.67E-04,1.85E-04
libraries ,0.023809526,0.023809526,0.023809526,0.023809526,0.071428575,0.023809526,0.071428575
licensed ,0.023809526,0.023809526,0.023809526,0.023809526,0.023809526,0.11904762,0.023809526
lighting ,0.023809526,0.071428575,0.023809526,0.023809526,0.023809526,0.071428575,0.023809526
likely ,0.00127551,0.024234693,0.00127551,0.024234693,0.036989797,0.019132653,0.04209184
limit ,0.005952382,0.053571433,0.005952382,0.029761905,0.041666668,0.005952382,0.029761905
limited ,3.22E-06,2.90E-05,0.001290219,1.61E-05,6.76E-05,2.25E-05,1.61E-05
lingerie ,0.023809526,0.023809526,0.023809526,0.023809526,0.023809526,0.11904762,0.023809526
little ,0.00101429,0.03139792,0.009038453,0.0188658,0.02499662,0.013005455,0.04465131
loan ,0.017857144,0.017857144,0.017857144,0.017857144,0.017857144,0.08928572,0.053571433
logged ,0.010204082,0.05102041,0.010204082,0.030612247,0.05102041,0.010204082,0.030612247
looked ,0.008275262,0.050087105,4.36E-04,0.015243904,0.019599304,0.023083623,0.028310107
looking ,4.40E-05,2.87E-04,4.77E-04,1.20E-04,1.35E-04,1.49E-04,2.23E-04
loss ,0.001356239,0.023056058,4.52E-04,0.015822787,0.035714287,0.014918626,0.05379747
lost ,0.00118218,0.006657542,6.22E-05,0.033163264,0.013999503,0.005288702,0.082814835
love ,8.00E-04,0.023865646,4.21E-05,0.014353061,0.01586834,0.07302804,0.015110699
lowest ,0.035714287,0.011904763,0.011904763,0.011904763,0.05952381,0.035714287,0.035714287
luxury ,0.005952382,0.017857144,0.005952382,0.053571433,0.017857144,0.029761905,0.041666668
machines ,0.008928572,0.0625,0.008928572,0.008928572,0.026785716,0.026785716,0.04464286
magic ,0.003401361,0.05102041,0.003401361,0.010204082,0.030612247,0.04421769,0.017006803
maine ,0.023809526,0.023809526,0.023809526,0.023809526,0.023809526,0.071428575,0.071428575
maintain ,0.008571429,0.03142857,0.002857143,0.020000001,0.037142858,0.025714288,0.03142857
maintained ,0.042857148,0.014285715,0.014285715,0.014285715,0.071428575,0.042857148,0.014285715
majority ,0.00310559,0.034161493,0.00310559,0.015527951,0.052795034,0.02173913,0.027950311
making ,3.41E-05,1.66E-04,4.72E-04,1.80E-04,2.18E-04,1.45E-04,2.20E-04
manage ,0.001587302,0.011111112,0.001587302,0.020634923,0.071428575,0.030158732,0.014285715
managed ,0.003501401,0.04551821,7.00E-04,0.007703082,0.025910366,0.039915968,0.023109246
manner ,0.017399268,0.06868132,9.16E-04,0.02838828,0.004578755,0.008241759,0.019230772
marriage ,4.30E-04,0.005593804,4.30E-04,0.003872634,0.003872634,0.118330464,0.012478487
married ,0.015222483,0.038641687,0.00117096,0.029274005,0.008196722,0.033957846,0.022248244
matching ,0.014285715,0.12857144,0.014285715,0.014285715,0.014285715,0.014285715,0.014285715
math ,0.02747253,0.038461544,0.005494506,0.005494506,0.038461544,0.016483517,0.038461544
matrix ,0.023809526,0.071428575,0.023809526,0.023809526,0.023809526,0.071428575,0.023809526
matters ,0.002857143,0.03142857,0.002857143,0.037142858,0.025714288,0.037142858,0.020000001
meaning ,0.00174216,0.019163765,0.00174216,0.015679443,0.026132407,0.07491289,0.012195122
measure ,0.005952382,0.017857144,0.005952382,0.029761905,0.041666668,0.029761905,0.041666668
meet ,0.001909855,0.024064172,3.82E-04,0.020244462,0.011841101,0.026355999,0.059969444
meeting ,2.84E-05,8.52E-05,8.76E-04,1.38E-04,7.65E-05,1.29E-04,1.07E-04
mental ,0.013095239,0.025,0.001190476,0.017857144,0.046428572,0.015476191,0.029761905
mentioned ,0.005175984,0.034161493,0.001035197,0.034161493,0.034161493,0.015527951,0.023809526
met ,0.018813778,0.022002552,3.19E-04,0.011798469,0.009885204,0.06473215,0.016900511
mg ,0.011904763,0.035714287,0.011904763,0.107142866,0.011904763,0.011904763,0.011904763
miami ,0.010204082,0.030612247,0.010204082,0.030612247,0.091836736,0.010204082,0.010204082
mid ,0.013227513,0.02910053,0.002645503,0.023809526,0.050264552,0.002645503,0.034391537
mike ,0.005952382,0.077380955,0.005952382,0.017857144,0.017857144,0.029761905,0.017857144
miller ,0.035714287,0.035714287,0.035714287,0.035714287,0.035714287,0.107142866,0.035714287
mind ,6.16E-04,0.034688015,2.05E-04,0.021962235,0.017857144,0.028940888,0.039614126
mine ,0.025992064,0.013690476,1.98E-04,0.04265873,0.019642858,0.027976193,0.013690476
ministry ,0.005494506,0.071428575,0.005494506,0.016483517,0.016483517,0.02747253,0.02747253
minnesota ,0.007936508,0.05555556,0.007936508,0.007936508,0.05555556,0.007936508,0.039682545
minor ,0.017857144,0.03214286,0.003571429,0.017857144,0.039285716,0.025,0.025
missing ,0.001006036,0.017102618,0.001006036,0.027162978,0.06539236,0.009054326,0.027162978
mix ,0.003512881,0.059718974,0.00117096,0.005854801,0.003512881,0.029274005,0.04566745
mo ,0.011904763,0.05952381,0.011904763,0.011904763,0.035714287,0.035714287,0.035714287
mom ,3.68E-04,0.0578056,3.68E-04,0.016568484,0.022459501,0.016568484,0.030559648
moment ,0.00130397,0.027093597,1.45E-04,0.023036802,0.029701537,0.032019705,0.030281078
moon ,0.00310559,0.027950311,0.00310559,0.02173913,0.015527951,0.0652174,0.02173913
mostly ,0.002726282,0.041984733,5.45E-04,0.015812432,0.029989097,0.022355508,0.03217012
mount ,0.007936508,0.007936508,0.007936508,0.007936508,0.023809526,0.023809526,0.103174604
mouse ,0.016483517,0.02747253,0.005494506,0.016483517,0.005494506,0.038461544,0.060439564
move ,0.003699488,0.022481505,2.85E-04,0.016220832,0.023050657,0.050369952,0.028173024
moved ,0.023809524,0.03142857,9.52E-04,0.027619049,0.020000001,0.021904763,0.021904763
movement ,0.002040817,0.04693878,0.002040817,0.014285715,0.030612247,0.010204082,0.04693878
mt ,0.023809526,0.023809526,0.023809526,0.071428575,0.023809526,0.071428575,0.023809526
naked ,0.0922619,0.006944445,9.92E-04,0.002976191,0.002976191,0.004960318,0.03670635
named ,0.005494506,0.060439564,0.005494506,0.02747253,0.02747253,0.016483517,0.02747253
nations ,0.035714287,0.035714287,0.035714287,0.035714287,0.107142866,0.035714287,0.035714287
native ,0.01948052,0.032467537,0.006493507,0.032467537,0.032467537,0.006493507,0.045454547
natural ,2.82E-06,7.06E-05,0.001132129,3.11E-05,4.80E-05,8.75E-05,7.06E-05
ne ,0.017857144,0.017857144,0.017857144,0.017857144,0.053571433,0.053571433,0.053571433
near ,0.011479593,0.015731294,4.25E-04,0.014030613,0.008928572,0.07270409,0.021683674
nearby ,0.03781513,0.012605043,0.004201681,0.046218492,0.004201681,0.021008406,0.03781513
nearly ,0.007563026,0.02436975,8.40E-04,0.01764706,0.022689078,0.021008406,0.05294118
need ,0.001241601,0.03162431,7.30E-05,0.022713995,0.025489338,0.033231087,0.028848965
needed ,0.007239383,0.020752897,4.83E-04,0.032335907,0.034266412,0.026544401,0.023648651
needs ,7.36E-04,0.02724595,7.36E-04,0.022827689,0.030191459,0.03755523,0.02724595
negative ,0.001287894,0.001486032,9.91E-05,0.13186052,0.003863682,0.001089756,0.003665544
netherlands ,0.08928572,0.017857144,0.017857144,0.017857144,0.017857144,0.053571433,0.017857144
never ,0.003627862,0.03426314,8.06E-05,0.025395034,0.032812,0.018461788,0.028619802
newspaper ,0.054761905,0.002380953,0.002380953,0.026190478,0.011904763,0.045238096,0.011904763
nine ,0.004761905,0.023809526,0.004761905,0.033333335,0.023809526,0.033333335,0.042857148
nj ,0.023809526,0.023809526,0.023809526,0.023809526,0.11904762,0.023809526,0.023809526
normal ,0.002747253,0.02802198,5.49E-04,0.024725277,0.043406595,0.015934067,0.030219782
noted ,0.011904763,0.011904763,0.011904763,0.035714287,0.05952381,0.035714287,0.035714287
nt ,0.023809526,0.023809526,0.023809526,0.023809526,0.071428575,0.023809526,0.071428575
nuclear ,0.00231911,4.64E-04,4.64E-04,4.64E-04,4.64E-04,4.64E-04,0.14053804
nude ,0.011904763,0.035714287,0.011904763,0.011904763,0.035714287,0.083333336,0.011904763
null ,0.023809526,0.023809526,0.023809526,0.023809526,0.071428575,0.023809526,0.071428575
nursing ,0.008928572,0.020833334,0.002976191,0.038690478,0.026785716,0.038690478,0.020833334
nutrition ,0.007142858,0.021428574,0.007142858,0.007142858,0.05,0.05,0.035714287
objects ,0.008928572,0.0625,0.008928572,0.026785716,0.008928572,0.026785716,0.04464286
obtain ,0.011904763,0.05952381,0.011904763,0.05952381,0.035714287,0.011904763,0.011904763
obtained ,0.008928572,0.026785716,0.008928572,0.008928572,0.008928572,0.09821429,0.026785716
ocean ,0.004201681,0.063025214,0.004201681,0.012605043,0.004201681,0.046218492,0.029411767
offering ,0.019841272,0.035714287,0.003968254,0.011904763,0.02777778,0.043650795,0.019841272
offers ,1.68E-05,3.02E-05,0.001344735,2.35E-05,1.01E-05,1.68E-05,3.35E-06
officers ,0.042857148,0.014285715,0.014285715,0.014285715,0.014285715,0.042857148,0.071428575
offices ,0.035714287,0.035714287,0.011904763,0.011904763,0.011904763,0.035714287,0.05952381
officials ,0.071428575,0.014285715,0.014285715,0.014285715,0.014285715,0.042857148,0.042857148
oklahoma ,0.035714287,0.107142866,0.035714287,0.035714287,0.035714287,0.035714287,0.035714287
ones ,4.76E-04,0.022380954,4.76E-04,0.060476195,0.013809525,0.027142858,0.02047619
ontario ,0.035714287,0.035714287,0.035714287,0.035714287,0.035714287,0.107142866,0.035714287
onto ,0.003799392,0.025075989,7.60E-04,0.018996961,0.050911855,0.02355623,0.02355623
opening ,0.00487013,0.040584423,0.001623377,0.021103898,0.017857144,0.03409091,0.030844158
opinions ,0.016483517,0.020146523,0.001831502,0.049450554,0.009157511,0.009157511,0.04578755
opportunity ,7.94E-04,0.03730159,7.94E-04,0.019841272,0.03730159,0.032539684,0.01825397
option ,0.004464286,0.03125,0.004464286,0.040178575,0.040178575,0.004464286,0.040178575
ordering ,0.011904763,0.05952381,0.011904763,0.035714287,0.05952381,0.011904763,0.011904763
oregon ,0.035714287,0.107142866,0.035714287,0.035714287,0.035714287,0.035714287,0.035714287
origin ,0.023809526,0.023809526,0.023809526,0.023809526,0.071428575,0.071428575,0.023809526
originally ,0.005952382,0.017857144,0.005952382,0.041666668,0.065476194,0.005952382,0.029761905
orlando ,0.014285715,0.071428575,0.014285715,0.014285715,0.042857148,0.014285715,0.042857148
outdoors ,0.007936508,0.039682545,0.007936508,0.039682545,0.007936508,0.007936508,0.071428575
owned ,0.008928572,0.0625,0.008928572,0.008928572,0.026785716,0.008928572,0.0625
owner ,0.005102041,0.025510205,0.005102041,0.045918368,0.035714287,0.025510205,0.025510205
oz ,0.017857144,0.08928572,0.017857144,0.017857144,0.053571433,0.017857144,0.017857144
pain ,0.002344483,0.02016255,1.56E-04,0.026727103,0.022663333,0.05267271,0.018912163
pair ,0.011363638,0.011363638,0.001623377,0.017857144,0.043831173,0.06331169,0.001623377
palm ,0.008928572,0.08035715,0.008928572,0.04464286,0.008928572,0.008928572,0.026785716
parent ,0.014285715,0.016883118,0.001298701,0.03766234,0.032467537,0.027272727,0.01948052
paris ,0.005494506,0.049450554,0.005494506,0.038461544,0.02747253,0.016483517,0.02747253
parking ,0.003401361,0.023809526,0.003401361,0.057823133,0.023809526,0.030612247,0.017006803
parks ,0.017857144,0.017857144,0.017857144,0.053571433,0.017857144,0.08928572,0.017857144
participants ,0.014285715,0.042857148,0.014285715,0.042857148,0.014285715,0.042857148,0.042857148
participation ,0.007142858,0.021428574,0.007142858,0.06428572,0.007142858,0.05,0.021428574
partners ,0.011904763,0.011904763,0.011904763,0.083333336,0.011904763,0.035714287,0.035714287
partnership ,0.017857144,0.017857144,0.017857144,0.017857144,0.017857144,0.08928572,0.053571433
party ,0.031216934,0.014285715,5.29E-04,0.031216934,0.01005291,0.03862434,0.01957672
passed ,0.006283069,0.013558202,3.31E-04,0.008928572,0.009589947,0.09821429,0.007605821
patient ,0.052123554,0.013513515,0.001930502,0.032818533,0.013513515,0.021235522,0.01737452
pattern ,0.003968254,0.02777778,0.003968254,0.019841272,0.019841272,0.051587302,0.035714287
patterns ,0.007142858,0.021428574,0.007142858,0.035714287,0.007142858,0.06428572,0.035714287
pay ,1.11E-05,7.74E-05,8.87E-04,1.70E-04,1.57E-04,5.97E-05,7.74E-05
payment ,3.50E-06,1.05E-05,0.001404062,1.75E-05,3.50E-06,3.50E-06,3.50E-06
payments ,0.035714287,0.035714287,0.035714287,0.035714287,0.107142866,0.035714287,0.035714287
peace ,0.002191061,0.015337424,4.38E-04,0.015337424,0.00832603,0.084574945,0.018843122
perfect ,5.18E-04,0.024327124,5.18E-04,0.011904763,0.009834369,0.088509314,0.009834369
perform ,0.003759399,0.048872184,0.003759399,0.011278195,0.041353386,0.011278195,0.041353386
performed ,0.035714287,0.021428574,0.007142858,0.007142858,0.007142858,0.07857143,0.021428574
permalink ,0.005102041,0.035714287,0.005102041,0.035714287,0.045918368,0.025510205,0.015306124
permanent ,0.007142858,0.06428572,0.007142858,0.007142858,0.035714287,0.021428574,0.035714287
permit ,0.023809526,0.071428575,0.023809526,0.023809526,0.071428575,0.023809526,0.023809526
personnel ,0.035714287,0.035714287,0.035714287,0.107142866,0.035714287,0.035714287,0.035714287
pet ,0.004761905,0.042857148,0.004761905,0.052380957,0.023809526,0.014285715,0.023809526
peter ,0.003968254,0.06746032,0.003968254,0.019841272,0.011904763,0.035714287,0.019841272
pets ,0.023809526,0.023809526,0.023809526,0.023809526,0.023809526,0.071428575,0.071428575
pharmacy ,0.014285715,0.014285715,0.014285715,0.014285715,0.014285715,0.12857144,0.014285715
philadelphia ,0.014285715,0.014285715,0.014285715,0.014285715,0.014285715,0.042857148,0.1
philosophy ,0.007936508,0.08730159,0.007936508,0.007936508,0.039682545,0.007936508,0.023809526
phoenix ,0.014285715,0.014285715,0.014285715,0.014285715,0.042857148,0.042857148,0.071428575
physics ,0.035714287,0.011904763,0.011904763,0.083333336,0.011904763,0.035714287,0.011904763
pic ,0.010204082,0.030612247,0.010204082,0.05102041,0.05102041,0.030612247,0.010204082
pieces ,0.011066399,0.0331992,0.001006036,0.009054326,0.013078471,0.06539236,0.015090544
pink ,0.002463054,0.01724138,0.002463054,0.01724138,0.012315271,0.07635468,0.027093597
placed ,0.003968254,0.019841272,0.003968254,0.02777778,0.019841272,0.02777778,0.05952381
planet ,0.003759399,0.041353386,0.003759399,0.011278195,0.02631579,0.06390978,0.011278195
plants ,0.005494506,0.038461544,0.005494506,0.005494506,0.016483517,0.060439564,0.038461544
plastic ,0.007936508,0.039682545,0.007936508,0.023809526,0.039682545,0.007936508,0.05555556
play ,3.53E-05,1.68E-04,8.33E-04,7.27E-05,7.68E-05,1.56E-04,9.76E-05
played ,0.004120879,0.023351649,0.001373627,0.06456044,0.015109891,0.028846154,0.012362639
policies ,0.023809526,0.023809526,0.023809526,0.023809526,0.023809526,0.071428575,0.071428575
political ,0.010822511,0.006493507,0.002164502,0.041125543,0.036796536,0.01948052,0.036796536
poor ,0.009821429,0.004464286,8.93E-04,0.029464286,0.075892866,0.009821429,0.016964287
popular ,2.57E-06,2.83E-05,0.001030319,7.71E-06,1.28E-05,3.21E-04,3.85E-05
porn ,1.28E-04,1.57E-05,0.001256266,1.57E-05,1.57E-05,3.13E-06,9.40E-06
porno ,0.13945578,0.003401361,0.003401361,0.003401361,0.003401361,0.003401361,0.003401361
portable ,0.035714287,0.107142866,0.035714287,0.035714287,0.035714287,0.035714287,0.035714287
portfolio ,0.014285715,0.12857144,0.014285715,0.014285715,0.014285715,0.014285715,0.014285715
positions ,0.011904763,0.035714287,0.011904763,0.035714287,0.05952381,0.011904763,0.035714287
positive ,4.30E-04,0.008175559,4.30E-04,0.017641997,0.020223752,0.082185894,0.015920827
postal ,0.035714287,0.035714287,0.035714287,0.107142866,0.035714287,0.035714287,0.035714287
posters ,0.017857144,0.125,0.017857144,0.017857144,0.017857144,0.017857144,0.017857144
posting ,7.36E-04,0.03460972,7.36E-04,0.01251841,0.018409425,0.02724595,0.05228277
powered ,3.52E-06,3.52E-06,0.001410978,3.52E-06,1.06E-05,1.06E-05,3.52E-06
powerful ,0.010204082,0.018367348,0.002040817,0.018367348,0.018367348,0.067346945,0.018367348
pr ,0.011904763,0.05952381,0.011904763,0.035714287,0.05952381,0.011904763,0.011904763
practical ,0.007936508,0.039682545,0.007936508,0.039682545,0.023809526,0.023809526,0.039682545
premium ,0.023809526,0.023809526,0.023809526,0.071428575,0.071428575,0.023809526,0.023809526
prepared ,0.03495441,0.016717326,0.001519757,0.028875383,0.019756839,0.013677813,0.03495441
prescription ,0.004761905,0.033333335,0.004761905,0.014285715,0.014285715,0.004761905,0.09047619
presence ,0.002688172,0.020353302,3.84E-04,0.011904762,0.004224271,0.09254993,0.012672811
presentation ,0.00974026,0.10064935,0.003246754,0.003246754,0.00974026,0.022727275,0.00974026
pressure ,4.53E-04,0.007701601,1.51E-04,0.12065842,0.003171247,0.007097554,0.004379342
pretty ,7.36E-05,0.035824627,7.36E-05,0.020965133,0.034206267,0.030822422,0.021259379
prevention ,0.035714287,0.107142866,0.035714287,0.035714287,0.035714287,0.035714287,0.035714287
preview ,0.023809526,0.071428575,0.023809526,0.023809526,0.023809526,0.071428575,0.023809526
previously ,0.002040817,0.03469388,0.002040817,0.022448981,0.018367348,0.05102041,0.022448981
prime ,0.026785716,0.04464286,0.008928572,0.008928572,0.0625,0.026785716,0.008928572
principal ,0.035714287,0.035714287,0.035714287,0.107142866,0.035714287,0.035714287,0.035714287
principles ,0.05102041,0.030612247,0.010204082,0.010204082,0.030612247,0.05102041,0.010204082
printed ,0.011904763,0.035714287,0.011904763,0.035714287,0.011904763,0.05952381,0.035714287
printers ,0.035714287,0.107142866,0.035714287,0.035714287,0.035714287,0.035714287,0.035714287
prints ,0.011904763,0.011904763,0.011904763,0.035714287,0.011904763,0.107142866,0.011904763
priority ,0.016483517,0.016483517,0.005494506,0.060439564,0.02747253,0.02747253,0.016483517
problem ,1.82E-05,6.26E-05,8.09E-04,3.29E-04,9.48E-05,4.24E-05,8.27E-05
problems ,0.014637003,0.008782202,5.85E-04,0.028688526,0.03922717,0.026346605,0.027517565
procedure ,0.005952382,0.017857144,0.005952382,0.029761905,0.041666668,0.029761905,0.041666668
produce ,0.017857144,0.029761905,0.005952382,0.005952382,0.029761905,0.053571433,0.029761905
professionals ,0.011904763,0.083333336,0.011904763,0.011904763,0.035714287,0.011904763,0.035714287
profiles ,0.035714287,0.107142866,0.035714287,0.035714287,0.035714287,0.035714287,0.035714287
profit ,0.05102041,0.010204082,0.010204082,0.030612247,0.010204082,0.010204082,0.071428575
promote ,0.010204082,0.05102041,0.010204082,0.071428575,0.010204082,0.030612247,0.010204082
promotion ,0.010204082,0.030612247,0.010204082,0.05102041,0.010204082,0.071428575,0.010204082
proof ,0.005494506,0.038461544,0.005494506,0.016483517,0.016483517,0.02747253,0.060439564
proper ,0.004201681,0.029411767,0.004201681,0.046218492,0.029411767,0.03781513,0.012605043
proposal ,0.006493507,0.032467537,0.006493507,0.006493507,0.01948052,0.084415585,0.01948052
protect ,7.68E-04,0.006912442,7.68E-04,0.006912442,0.006912442,0.103686646,0.020737328
protected ,0.006493507,0.032467537,0.006493507,0.05844156,0.006493507,0.032467537,0.032467537
protection ,0.007936508,0.007936508,0.007936508,0.007936508,0.007936508,0.071428575,0.071428575
protocol ,0.011904763,0.083333336,0.011904763,0.035714287,0.011904763,0.011904763,0.035714287
providers ,0.023809526,0.023809526,0.023809526,0.11904762,0.023809526,0.023809526,0.023809526
provision ,0.035714287,0.035714287,0.035714287,0.035714287,0.035714287,0.107142866,0.035714287
purchase ,0.003571429,0.025,0.003571429,0.017857144,0.017857144,0.046428572,0.046428572
purposes ,0.04464286,0.04464286,0.008928572,0.026785716,0.026785716,0.008928572,0.026785716
pussy ,0.008928572,0.026785716,0.008928572,0.026785716,0.008928572,0.08035715,0.026785716
quantity ,0.035714287,0.035714287,0.035714287,0.107142866,0.035714287,0.035714287,0.035714287
quarter ,0.004761905,0.023809526,0.004761905,0.09047619,0.004761905,0.023809526,0.014285715
queen ,0.030612247,0.030612247,0.010204082,0.071428575,0.010204082,0.030612247,0.010204082
query ,0.035714287,0.035714287,0.035714287,0.035714287,0.035714287,0.107142866,0.035714287
quickly ,6.00E-04,0.064225696,6.00E-04,0.015006003,0.019807925,0.012605043,0.033013206
race ,0.005376345,0.031490017,7.68E-04,0.011520738,0.02841782,0.029953917,0.03917051
racing ,0.002747253,0.024725277,0.002747253,0.019230772,0.013736265,0.035714287,0.057692308
rain ,0.001133787,0.023809526,0.001133787,0.028344672,0.032879822,0.035147395,0.0260771
rank ,0.023809526,0.023809526,0.023809526,0.023809526,0.023809526,0.11904762,0.023809526
rape ,0.035714287,0.007142858,0.007142858,0.021428574,0.007142858,0.06428572,0.035714287
rare ,0.004464286,0.049107146,0.004464286,0.004464286,0.02232143,0.058035716,0.02232143
rates ,3.54E-06,3.54E-06,0.001417963,3.54E-06,3.54E-06,3.54E-06,1.06E-05
ratings ,0.023809526,0.071428575,0.023809526,0.023809526,0.023809526,0.071428575,0.023809526
ray ,0.011904763,0.035714287,0.011904763,0.035714287,0.05952381,0.035714287,0.011904763
reach ,9.78E-04,0.03033268,9.78E-04,0.014677105,0.034246575,0.036203522,0.03033268
readers ,6.21E-04,0.020496896,6.21E-04,0.010559007,0.006832298,0.096273296,0.010559007
reading ,0.00599233,0.04482263,2.40E-04,0.02325024,0.03139981,0.015100671,0.02325024
reality ,0.002712478,0.058770344,9.04E-04,0.015370706,0.017179025,0.024412297,0.028028935
reasonable ,0.014285715,0.014285715,0.014285715,0.042857148,0.042857148,0.042857148,0.042857148
reasons ,0.001687289,0.024184477,5.62E-04,0.029808776,0.034308214,0.014060743,0.04105737
recipe ,0.004761905,0.061904766,0.004761905,0.033333335,0.023809526,0.023809526,0.014285715
recipes ,0.005952382,0.053571433,0.005952382,0.041666668,0.041666668,0.017857144,0.005952382
recommendations ,0.014285715,0.071428575,0.014285715,0.014285715,0.042857148,0.014285715,0.042857148
recorded ,0.023809526,0.11904762,0.023809526,0.023809526,0.023809526,0.023809526,0.023809526
recording ,0.008928572,0.0625,0.008928572,0.008928572,0.04464286,0.026785716,0.026785716
recovery ,0.005494506,0.02747253,0.005494506,0.016483517,0.038461544,0.071428575,0.005494506
recreation ,0.035714287,0.035714287,0.035714287,0.035714287,0.107142866,0.035714287,0.035714287
reduced ,0.005102041,0.025510205,0.005102041,0.025510205,0.07653062,0.015306124,0.015306124
reduction ,0.017857144,0.08928572,0.017857144,0.017857144,0.017857144,0.017857144,0.053571433
refer ,0.005952382,0.041666668,0.005952382,0.041666668,0.017857144,0.017857144,0.041666668
referred ,0.014285715,0.12857144,0.014285715,0.014285715,0.014285715,0.014285715,0.014285715
regions ,0.035714287,0.035714287,0.035714287,0.035714287,0.035714287,0.107142866,0.035714287
regulation ,0.017857144,0.053571433,0.017857144,0.017857144,0.08928572,0.017857144,0.017857144
relationship ,0.005726342,0.011151296,3.01E-04,0.028631708,0.034056664,0.034056664,0.030440025
relationships ,0.006868132,0.015109891,0.001373627,0.03159341,0.026098901,0.017857144,0.050824177
relative ,0.033834588,0.003759399,0.001253133,0.036340855,0.036340855,0.018796993,0.018796993
release ,3.17E-06,3.49E-05,0.001273016,3.49E-05,3.17E-06,3.49E-05,6.03E-05
relief ,2.56E-04,0.007936507,2.56E-04,0.002816181,0.002816181,0.12570405,0.004352279
religion ,0.004559271,0.007598785,0.001519757,0.010638299,0.007598785,0.083586626,0.03495441
religious ,0.008241759,0.024725277,0.002747253,0.019230772,0.019230772,0.052197803,0.030219782
remain ,0.004120879,0.023351649,0.001373627,0.020604398,0.015109891,0.053571433,0.03159341
removal ,0.053571433,0.08928572,0.017857144,0.017857144,0.017857144,0.017857144,0.017857144
removed ,0.002413127,0.006274132,4.83E-04,0.1269305,0.002413127,0.003378379,0.003378379
repair ,0.008928572,0.026785716,0.008928572,0.08035715,0.008928572,0.026785716,0.026785716
replacement ,0.035714287,0.035714287,0.035714287,0.035714287,0.035714287,0.035714287,0.107142866
replies ,0.007936508,0.023809526,0.007936508,0.039682545,0.05555556,0.039682545,0.007936508
reported ,0.021428574,0.05,0.007142858,0.035714287,0.007142858,0.035714287,0.021428574
reporting ,0.017857144,0.08928572,0.017857144,0.017857144,0.017857144,0.017857144,0.053571433
represent ,0.017857144,0.017857144,0.017857144,0.053571433,0.053571433,0.017857144,0.053571433
representative ,0.014285715,0.071428575,0.014285715,0.014285715,0.014285715,0.042857148,0.042857148
requests ,0.007142858,0.035714287,0.007142858,0.07857143,0.021428574,0.021428574,0.007142858
require ,0.004761905,0.023809526,0.004761905,0.033333335,0.033333335,0.042857148,0.023809526
reserve ,0.014285715,0.014285715,0.014285715,0.1,0.042857148,0.014285715,0.014285715
residential ,0.023809526,0.023809526,0.023809526,0.023809526,0.023809526,0.023809526,0.11904762
residents ,0.035714287,0.107142866,0.035714287,0.035714287,0.035714287,0.035714287,0.035714287
respect ,0.01003542,0.011216057,5.90E-04,0.01475797,0.012396695,0.09149942,0.005312869
respective ,0.014285715,0.071428575,0.014285715,0.042857148,0.042857148,0.014285715,0.014285715
returned ,0.010044644,0.016741073,0.001116072,0.025669644,0.014508929,0.063616075,0.016741073
revenue ,0.035714287,0.035714287,0.035714287,0.035714287,0.035714287,0.035714287,0.107142866
reviewed ,0.017857144,0.053571433,0.017857144,0.017857144,0.053571433,0.017857144,0.053571433
revised ,0.023809526,0.071428575,0.023809526,0.023809526,0.071428575,0.023809526,0.023809526
revision ,0.010204082,0.010204082,0.010204082,0.010204082,0.030612247,0.05102041,0.071428575
rich ,0.005434783,0.008540373,7.76E-04,0.013198759,0.008540373,0.104813665,0.005434783
ride ,0.002935421,0.04403131,9.78E-04,0.016634053,0.018590998,0.020547947,0.04403131
rings ,0.004201681,0.029411767,0.004201681,0.029411767,0.03781513,0.029411767,0.029411767
rise ,0.004761905,0.071428575,0.004761905,0.042857148,0.004761905,0.033333335,0.004761905
risk ,0.002232143,0.006696429,0.002232143,0.011160715,0.03794643,0.024553573,0.06919643
roll ,0.002976191,0.014880952,0.002976191,0.0625,0.026785716,0.032738097,0.014880952
rose ,0.002645503,0.039682545,0.002645503,0.02910053,0.018518519,0.05555556,0.007936508
route ,0.019841272,0.02777778,0.003968254,0.035714287,0.003968254,0.011904763,0.05952381
row ,0.003968254,0.051587302,0.003968254,0.02777778,0.043650795,0.019841272,0.011904763
run ,2.05E-05,1.78E-04,6.31E-04,9.28E-05,2.16E-04,1.05E-04,1.94E-04
runs ,0.001984127,0.053571433,0.001984127,0.001984127,0.049603175,0.025793651,0.017857144
rural ,0.014285715,0.1,0.014285715,0.014285715,0.014285715,0.014285715,0.042857148
russia ,0.014285715,0.12857144,0.014285715,0.014285715,0.014285715,0.014285715,0.014285715
sa ,0.010204082,0.010204082,0.010204082,0.112244904,0.030612247,0.010204082,0.010204082
safe ,5.76E-04,0.014400923,5.76E-04,0.008640553,0.001728111,0.08928572,0.030529955
safety ,0.002551021,0.012755103,0.002551021,0.002551021,0.012755103,0.038265307,0.08418368
samples ,0.08928572,0.017857144,0.017857144,0.017857144,0.017857144,0.017857144,0.053571433
save ,0.001552795,0.023291927,0.001552795,0.020186339,0.035714287,0.035714287,0.0326087
savings ,0.014285715,0.014285715,0.014285715,0.014285715,0.1,0.042857148,0.014285715
saying ,0.003891942,0.028159343,2.29E-04,0.04601648,0.024496337,0.013507325,0.027701467
says ,2.38E-06,8.33E-05,9.55E-04,1.02E-04,6.90E-05,1.26E-04,1.02E-04
scene ,0.03419453,0.049392097,7.60E-04,0.020516718,0.012917933,0.017477205,0.011398178
scheme ,0.008928572,0.026785716,0.008928572,0.026785716,0.04464286,0.026785716,0.04464286
schools ,3.39E-06,1.69E-05,0.001357482,1.02E-05,2.37E-05,1.02E-05,2.37E-05
scotland ,0.014285715,0.042857148,0.014285715,0.014285715,0.014285715,0.014285715,0.1
scott ,0.007142858,0.035714287,0.007142858,0.021428574,0.035714287,0.035714287,0.035714287
script ,0.006493507,0.045454547,0.006493507,0.045454547,0.006493507,0.05844156,0.006493507
seat ,0.023809526,0.035014007,0.00140056,0.03781513,0.009803923,0.012605043,0.029411767
seattle ,0.008928572,0.026785716,0.008928572,0.026785716,0.04464286,0.026785716,0.04464286
secondary ,0.021594686,0.004983389,0.00166113,0.041528244,0.004983389,0.068106316,0.008305648
secret ,0.002380953,0.045238096,0.002380953,0.030952383,0.011904763,0.030952383,0.030952383
secure ,0.002895753,0.00868726,9.65E-04,9.65E-04,0.002895753,0.122586876,0.00868726
security ,0.003401361,0.010204082,0.003401361,0.010204082,0.010204082,0.06462585,0.057823133
seeing ,0.014769066,0.042158972,2.69E-04,0.026047263,0.016917294,0.020139635,0.023899036
seeking ,0.005102041,0.025510205,0.005102041,0.025510205,0.045918368,0.045918368,0.015306124
seem ,9.83E-04,0.028505899,3.28E-04,0.028505899,0.03178244,0.016055046,0.03833552
selected ,0.001373627,0.006868132,0.001373627,0.012362639,0.004120879,0.114011,0.009615386
sell ,9.87E-06,1.65E-05,0.001319947,9.87E-06,3.62E-05,2.30E-05,2.96E-05
seller ,3.47E-06,3.47E-06,0.00139043,2.43E-05,3.47E-06,1.04E-05,1.04E-05
senate ,0.014285715,0.1,0.014285715,0.014285715,0.014285715,0.042857148,0.014285715
sense ,1.52E-04,0.029269034,1.52E-04,0.010160754,0.022899607,0.051107068,0.029875645
separate ,3.42E-04,0.001025291,3.42E-04,0.1349966,0.003075872,0.001708818,0.003075872
sequence ,0.007936508,0.071428575,0.007936508,0.023809526,0.007936508,0.039682545,0.023809526
serial ,0.011904763,0.05952381,0.011904763,0.011904763,0.035714287,0.035714287,0.035714287
serve ,0.024725277,0.035714287,0.002747253,0.019230772,0.013736265,0.035714287,0.024725277
served ,0.056390982,0.02631579,0.003759399,0.02631579,0.018796993,0.018796993,0.011278195
serving ,0.021008406,0.012605043,0.004201681,0.054621853,0.021008406,0.029411767,0.021008406
sexual ,0.092132516,0.007246377,0.001035197,0.005175984,0.00310559,0.007246377,0.0320911
sexy ,0.003246754,0.035714287,0.003246754,0.016233768,0.00974026,0.081168845,0.00974026
share ,9.21E-06,2.67E-04,5.27E-04,1.67E-04,5.66E-05,1.59E-04,2.49E-04
shared ,0.00127551,0.021683674,0.00127551,0.036989797,0.011479592,0.034438778,0.04209184
shares ,0.014285715,0.014285715,0.014285715,0.071428575,0.014285715,0.042857148,0.042857148
sharing ,8.03E-04,0.01845907,8.03E-04,0.021669341,0.012038524,0.02327448,0.06982344
shirt ,0.012315271,0.01724138,0.002463054,0.027093597,0.032019705,0.05665025,0.007389163
shirts ,0.006493507,0.045454547,0.006493507,0.032467537,0.045454547,0.032467537,0.006493507
shops ,0.003571429,0.046428572,0.003571429,0.017857144,0.017857144,0.025,0.046428572
shot ,0.001206564,0.005067568,2.41E-04,0.00265444,0.006515444,0.005067568,0.12331082
signal ,0.035714287,0.035714287,0.035714287,0.035714287,0.107142866,0.035714287,0.035714287
signature ,0.035714287,0.107142866,0.035714287,0.035714287,0.035714287,0.035714287,0.035714287
signs ,0.00310559,0.027950311,0.00310559,0.02173913,0.02173913,0.00931677,0.071428575
silver ,0.011904763,0.011904763,0.011904763,0.035714287,0.05952381,0.05952381,0.011904763
similar ,1.40E-05,6.42E-05,0.001118862,5.86E-05,6.42E-05,6.42E-05,5.86E-05
simple ,0.001066098,0.054371007,0.001066098,0.026652452,0.020255864,0.026652452,0.018123668
singapore ,0.008928572,0.026785716,0.008928572,0.026785716,0.04464286,0.026785716,0.04464286
singles ,0.017857144,0.125,0.017857144,0.017857144,0.017857144,0.017857144,0.017857144
ski ,0.005494506,0.016483517,0.005494506,0.049450554,0.005494506,0.02747253,0.060439564
sky ,0.001519757,0.04407295,0.001519757,0.007598785,0.007598785,0.07446809,0.013677813
sleep ,0.001190476,0.01388889,1.32E-04,0.013359789,0.09007938,0.009656085,0.01521164
slightly ,1.72E-04,0.035972465,1.72E-04,0.03218589,0.020137694,0.009122204,0.045955252
slow ,0.004302926,0.021514632,8.61E-04,0.026678141,0.043889847,0.028399313,0.021514632
smart ,0.002407705,0.012038524,8.03E-04,0.010433387,0.01845907,0.098715894,0.004012841
smoking ,0.107535325,0.011773941,7.85E-04,0.003924647,0.008634224,0.003924647,0.010204082
snow ,0.001831502,0.034798536,0.001831502,0.02747253,0.04578755,0.009157511,0.031135533
soccer ,0.008928572,0.04464286,0.008928572,0.008928572,0.026785716,0.0625,0.026785716
social ,4.75E-05,8.82E-05,9.06E-04,9.72E-05,1.29E-04,5.20E-05,1.20E-04
sold ,0.01724138,0.027093597,0.002463054,0.032019705,0.027093597,0.007389163,0.041871924
solid ,0.00310559,0.027950311,0.00310559,0.00931677,0.034161493,0.02173913,0.059006214
solutions ,3.47E-06,1.73E-05,0.00139043,3.47E-06,1.04E-05,1.04E-05,1.04E-05
songs ,0.006377551,0.054846942,0.00127551,0.029336737,0.003826531,0.029336737,0.024234693
sorry ,0.003551697,0.012233623,3.95E-04,0.042225733,0.072217844,0.00513023,0.00907656
sort ,0.001936317,0.047117043,2.15E-04,0.016135974,0.028614458,0.024311535,0.02560241
sorted ,0.007142858,0.035714287,0.007142858,0.007142858,0.035714287,0.021428574,0.06428572
soul ,3.55E-04,0.009594884,3.55E-04,0.027363185,0.010305615,0.091329075,0.00533049
sounds ,0.001082251,0.053030305,0.001082251,0.031385284,0.022727273,0.016233768,0.022727273
spa ,0.017857144,0.017857144,0.017857144,0.017857144,0.053571433,0.08928572,0.017857144
spam ,0.023809526,0.023809526,0.023809526,0.11904762,0.023809526,0.023809526,0.023809526
speak ,0.010489511,0.024475526,5.00E-04,0.025474526,0.01948052,0.031468533,0.033466533
speaker ,0.05952381,0.011904763,0.011904763,0.011904763,0.011904763,0.05952381,0.035714287
speakers ,0.007936508,0.023809526,0.007936508,0.039682545,0.023809526,0.007936508,0.071428575
special ,0.001419111,0.03263955,4.73E-04,0.012771997,0.012771997,0.078997165,0.00614948
specifically ,0.004464286,0.058035716,0.004464286,0.004464286,0.013392858,0.02232143,0.058035716
specifications ,0.035714287,0.107142866,0.035714287,0.035714287,0.035714287,0.035714287,0.035714287
specs ,0.035714287,0.035714287,0.035714287,0.107142866,0.035714287,0.035714287,0.035714287
speech ,0.00310559,0.02173913,0.00310559,0.034161493,0.00310559,0.04037267,0.052795034
speed ,0.007936508,0.06613757,0.002645503,0.013227513,0.013227513,0.034391537,0.018518519
spend ,0.004257332,0.031693473,4.73E-04,0.038315993,0.037369918,0.018448438,0.014664144
spent ,3.32E-04,0.030897012,3.32E-04,0.031561464,0.034219272,0.02358804,0.02358804
spirit ,5.37E-04,0.027389904,5.37E-04,0.009129969,0.038131043,0.05961332,0.010204082
sponsor ,0.035714287,0.035714287,0.035714287,0.107142866,0.035714287,0.035714287,0.035714287
spot ,0.00174216,0.026132407,0.00174216,0.029616725,0.022648085,0.03658537,0.03310105
spring ,0.009652509,0.01737452,0.001930502,0.036679536,0.025096526,0.036679536,0.025096526
springs ,0.071428575,0.014285715,0.014285715,0.014285715,0.014285715,0.071428575,0.014285715
src ,0.00105042,0.040966388,0.00105042,0.034663867,0.017857144,0.034663867,0.017857144
standing ,0.005681818,0.028409094,8.12E-04,0.021915587,0.025162337,0.015422079,0.04951299
star ,3.12E-06,7.17E-05,0.00125078,2.18E-05,3.12E-06,8.42E-05,9.36E-06
stated ,0.007936508,0.023809526,0.007936508,0.007936508,0.071428575,0.023809526,0.039682545
statements ,0.005494506,0.038461544,0.005494506,0.049450554,0.02747253,0.02747253,0.016483517
static ,0.017857144,0.017857144,0.017857144,0.017857144,0.08928572,0.053571433,0.017857144
stats ,0.007936508,0.039682545,0.007936508,0.05555556,0.039682545,0.007936508,0.023809526
stories ,5.59E-05,1.14E-04,9.74E-04,8.99E-05,4.13E-05,4.13E-05,1.24E-04
story ,2.64E-05,2.13E-04,7.05E-04,8.97E-05,1.04E-04,1.64E-04,1.35E-04
straight ,0.001133787,0.032879822,0.001133787,0.023809526,0.0260771,0.021541951,0.041950118
stream ,0.006493507,0.006493507,0.006493507,0.032467537,0.05844156,0.032467537,0.032467537
strength ,9.78E-04,0.03033268,9.78E-04,0.006849316,0.034246575,0.04403131,0.03033268
stress ,9.92E-04,0.024801588,9.92E-04,0.034722224,0.032738097,0.02281746,0.03075397
style ,2.78E-06,6.95E-05,0.001114508,5.84E-05,6.95E-05,8.62E-05,4.17E-05
success ,0.00213858,0.005560308,4.28E-04,0.005560308,0.008126604,0.11847733,0.004704876
successful ,0.001240695,0.002304148,1.77E-04,0.0033676,0.001949663,0.13062744,0.004076569
suggest ,0.007142858,0.035714287,0.007142858,0.05,0.021428574,0.021428574,0.035714287
suggestions ,0.010204082,0.010204082,0.010204082,0.030612247,0.010204082,0.030612247,0.091836736
supplied ,0.017857144,0.053571433,0.017857144,0.017857144,0.053571433,0.017857144,0.053571433
supports ,0.008928572,0.0625,0.008928572,0.026785716,0.026785716,0.026785716,0.026785716
surgery ,0.001930502,0.052123554,0.001930502,0.005791506,0.013513515,0.009652509,0.06756757
sweet ,3.37E-04,0.007749327,3.37E-04,0.065700814,0.012466308,0.051549867,0.006401618
sydney ,0.017857144,0.017857144,0.017857144,0.017857144,0.053571433,0.017857144,0.08928572
tables ,0.05952381,0.035714287,0.011904763,0.035714287,0.011904763,0.035714287,0.011904763
tag ,0.007142858,0.035714287,0.007142858,0.035714287,0.035714287,0.035714287,0.021428574
taken ,0.008692366,0.02532124,3.78E-04,0.02910053,0.017762661,0.035147395,0.028344672
talking ,0.01433121,0.023430394,2.27E-04,0.035714287,0.021610556,0.015241128,0.033439495
tape ,0.05,0.007142858,0.007142858,0.007142858,0.021428574,0.035714287,0.05
target ,0.002747253,0.019230772,0.002747253,0.013736265,0.046703298,0.052197803,0.019230772
task ,0.001785714,0.008928572,0.001785714,0.030357145,0.037500005,0.04464286,0.026785716
taxes ,0.005102041,0.005102041,0.005102041,0.107142866,0.005102041,0.025510205,0.015306124
taylor ,0.010204082,0.030612247,0.010204082,0.091836736,0.010204082,0.030612247,0.010204082
tea ,0.014285715,0.011111112,0.001587302,0.04603175,0.02698413,0.033333335,0.017460318
teams ,0.035714287,0.011904763,0.011904763,0.05952381,0.05952381,0.011904763,0.011904763
technologies ,0.017857144,0.08928572,0.017857144,0.017857144,0.017857144,0.017857144,0.053571433
tennessee ,0.035714287,0.035714287,0.035714287,0.035714287,0.035714287,0.035714287,0.107142866
tennis ,0.002976191,0.014880952,0.002976191,0.09821429,0.008928572,0.026785716,0.002976191
term ,2.79E-06,5.30E-05,0.001118862,4.19E-05,7.53E-05,9.21E-05,5.86E-05
thanks ,0.001930502,0.032818533,0.001930502,0.009652509,0.040540542,0.040540542,0.025096526
theater ,0.004464286,0.040178575,0.004464286,0.013392858,0.040178575,0.02232143,0.040178575
theatre ,0.023809526,0.033333335,0.004761905,0.014285715,0.052380957,0.004761905,0.033333335
throughout ,0.007763975,0.054347828,0.001552795,0.017080747,0.035714287,0.017080747,0.017080747
ticket ,0.014285715,0.020000001,0.002857143,0.060000002,0.037142858,0.008571429,0.014285715
tickets ,0.00931677,0.00931677,0.00310559,0.052795034,0.02173913,0.027950311,0.034161493
tim ,0.005494506,0.02747253,0.005494506,0.016483517,0.02747253,0.02747253,0.060439564
tip ,0.008928572,0.008928572,0.008928572,0.04464286,0.008928572,0.04464286,0.0625
tits ,0.023809526,0.023809526,0.023809526,0.023809526,0.023809526,0.11904762,0.023809526
together ,0.005376345,0.03763441,2.56E-04,0.024321558,0.020737328,0.029441886,0.026369687
toll ,0.005952382,0.017857144,0.005952382,0.029761905,0.053571433,0.005952382,0.053571433
toronto ,0.017857144,0.017857144,0.017857144,0.053571433,0.053571433,0.053571433,0.017857144
touch ,0.001896334,0.02465234,6.32E-04,0.018331226,0.020859672,0.051201012,0.028445007
tour ,0.015527951,0.02173913,0.00310559,0.015527951,0.027950311,0.04037267,0.034161493
tourism ,0.014285715,0.071428575,0.014285715,0.042857148,0.042857148,0.014285715,0.014285715
toward ,0.001677853,0.006951103,2.40E-04,0.024209015,0.004554171,0.09707574,0.009348035
towards ,0.012045647,0.021766696,2.11E-04,0.061073545,0.009509722,0.012468303,0.026838547
toy ,0.008928572,0.04464286,0.008928572,0.008928572,0.008928572,0.0625,0.04464286
trademark ,0.023809526,0.071428575,0.023809526,0.023809526,0.023809526,0.023809526,0.071428575
train ,0.019906323,0.024590166,0.00117096,0.031615928,0.024590166,0.022248244,0.024590166
training ,0.003246754,0.027056279,0.001082251,0.007575758,0.0487013,0.02922078,0.031385284
translation ,0.014285715,0.014285715,0.014285715,0.071428575,0.042857148,0.042857148,0.014285715
travel ,0.008196722,0.022248244,0.00117096,0.022248244,0.029274005,0.024590166,0.040983606
trees ,0.002747253,0.041208792,0.002747253,0.052197803,0.008241759,0.041208792,0.008241759
trends ,0.014285715,0.042857148,0.014285715,0.042857148,0.042857148,0.042857148,0.014285715
tried ,0.026041668,0.017609127,2.48E-04,0.042906746,0.024057541,0.014632937,0.01860119
trip ,0.015816327,0.016836736,5.10E-04,0.020918367,0.015816327,0.039285716,0.036224492
truck ,0.005494506,0.038461544,0.005494506,0.016483517,0.016483517,0.02747253,0.060439564
true ,5.21E-04,0.03388947,5.21E-04,0.025547447,0.014077165,0.035974976,0.034932222
trust ,0.002665245,0.013326226,5.33E-04,0.019722816,0.020788914,0.038912583,0.049573563
truth ,6.68E-04,0.008678238,6.68E-04,0.026034715,0.018024033,0.05807744,0.034045395
turkey ,0.004464286,0.058035716,0.004464286,0.004464286,0.06696429,0.013392858,0.013392858
turned ,0.018170428,0.024436092,6.27E-04,0.03195489,0.014411029,0.021929825,0.034461156
ultimate ,0.010204082,0.05102041,0.010204082,0.010204082,0.030612247,0.030612247,0.05102041
understand ,0.00825893,0.023437502,2.23E-04,0.03013393,0.024776788,0.024330357,0.032812502
unknown ,0.013392858,0.013392858,0.001488095,0.016369049,0.007440476,0.02529762,0.07291667
ups ,0.001322751,0.009259259,0.001322751,0.006613757,0.109788366,0.014550265,0.006613757
urban ,0.023809526,0.11904762,0.023809526,0.023809526,0.023809526,0.023809526,0.023809526
useful ,7.68E-04,0.011520738,7.68E-04,0.008448541,0.017665131,0.094470054,0.013056836
utah ,0.010204082,0.071428575,0.010204082,0.010204082,0.071428575,0.010204082,0.010204082
utility ,0.014285715,0.014285715,0.014285715,0.042857148,0.014285715,0.014285715,0.1
valid ,0.023809526,0.023809526,0.023809526,0.023809526,0.023809526,0.071428575,0.071428575
var ,0.006493507,0.006493507,0.006493507,0.05844156,0.071428575,0.01948052,0.006493507
vehicles ,0.023809526,0.023809526,0.023809526,0.023809526,0.023809526,0.071428575,0.071428575
vendor ,0.035714287,0.035714287,0.035714287,0.035714287,0.035714287,0.035714287,0.107142866
vhs ,0.023809526,0.071428575,0.023809526,0.023809526,0.023809526,0.071428575,0.023809526
vice ,0.006493507,0.01948052,0.006493507,0.032467537,0.032467537,0.05844156,0.01948052
victoria ,0.008928572,0.026785716,0.008928572,0.04464286,0.0625,0.008928572,0.026785716
viewed ,0.017857144,0.017857144,0.017857144,0.017857144,0.053571433,0.053571433,0.053571433
viewing ,0.05,0.05,0.007142858,0.007142858,0.007142858,0.021428574,0.035714287
vintage ,0.007142858,0.07857143,0.007142858,0.021428574,0.021428574,0.021428574,0.021428574
violence ,0.037142858,0.020000001,0.002857143,0.020000001,0.025714288,0.008571429,0.042857148
virus ,0.04464286,0.008928572,0.008928572,0.008928572,0.04464286,0.008928572,0.0625
void ,0.007142858,0.021428574,0.007142858,0.035714287,0.021428574,0.021428574,0.06428572
votes ,0.011904763,0.035714287,0.011904763,0.05952381,0.05952381,0.011904763,0.011904763
voyeur ,0.035714287,0.107142866,0.035714287,0.035714287,0.035714287,0.035714287,0.035714287
waiting ,0.006454389,0.020223752,4.30E-04,0.02452668,0.025387265,0.033993118,0.033993118
wales ,0.035714287,0.035714287,0.035714287,0.035714287,0.035714287,0.035714287,0.107142866
walk ,0.003126503,0.036315538,2.41E-04,0.01899952,0.025733527,0.031024532,0.02861953
wall ,0.00728863,0.048104957,0.001457726,0.010204082,0.021865891,0.03644315,0.024781343
wanted ,0.011601902,0.019150127,1.40E-04,0.039278727,0.025580097,0.026977915,0.02082751
wants ,0.001728111,0.013248849,5.76E-04,0.019009218,0.012096775,0.020161292,0.07891706
war ,4.20E-05,5.48E-06,7.33E-04,2.01E-05,2.01E-05,3.84E-05,5.79E-04
warning ,0.005494506,0.038461544,0.005494506,0.016483517,0.049450554,0.038461544,0.016483517
warranty ,0.035714287,0.035714287,0.035714287,0.035714287,0.035714287,0.035714287,0.107142866
wars ,0.05952381,0.035714287,0.011904763,0.035714287,0.011904763,0.035714287,0.011904763
waste ,0.047252752,0.012087913,0.001098901,0.02747253,0.03626374,0.012087913,0.012087913
wear ,5.45E-04,0.025627045,5.45E-04,0.015812432,0.013631407,0.061613962,0.027808072
weather ,2.58E-06,4.90E-05,0.001034038,7.99E-05,1.26E-04,4.90E-05,1.01E-04
webmaster ,0.035714287,0.035714287,0.035714287,0.035714287,0.035714287,0.107142866,0.035714287
weekend ,0.00434363,0.028474905,4.83E-04,0.0246139,0.041988418,0.027509654,0.017857144
weight ,0.0015006,0.024909966,3.00E-04,0.005702281,0.077130854,0.019507805,0.015306124
well ,0.002473393,0.020311799,0.030055465,0.013716085,0.021361116,0.03635137,0.018962676
whatever ,5.07E-04,0.030901723,5.07E-04,0.021783182,0.030901723,0.030901723,0.029888552
whether ,1.00E-05,1.42E-04,8.02E-04,7.40E-05,5.80E-05,6.20E-05,2.90E-04
whom ,0.023028886,0.008977361,3.90E-04,0.030054646,0.023028886,0.044886813,0.014441843
wide ,0.001552795,0.054347828,0.001552795,0.007763975,0.029503107,0.026397517,0.029503107
wild ,0.018796993,0.033834588,0.003759399,0.011278195,0.02631579,0.02631579,0.041353386
williams ,0.008928572,0.008928572,0.008928572,0.008928572,0.008928572,0.008928572,0.13392858
wine ,0.005639098,0.035714287,0.001879699,0.016917294,0.043233085,0.028195491,0.020676693
winning ,7.65E-04,0.002806123,2.55E-04,7.65E-04,0.002295919,0.13494898,0.002295919
wire ,0.014285715,0.014285715,0.014285715,0.042857148,0.042857148,0.014285715,0.071428575
wisconsin ,0.035714287,0.035714287,0.035714287,0.035714287,0.035714287,0.035714287,0.107142866
wish ,3.64E-04,0.03170554,3.64E-04,0.034620993,0.020772597,0.032434404,0.02441691
won ,4.44E-04,0.019964509,4.44E-04,0.02173913,0.020851819,0.06344277,0.018189885
wonderful ,1.05E-04,0.06492554,1.05E-04,0.002622194,0.003880848,0.06849172,0.003251521
workshop ,0.008928572,0.008928572,0.008928572,0.008928572,0.04464286,0.04464286,0.0625
worth ,0.002186589,0.021137025,7.29E-04,0.0196793,0.038629737,0.04008746,0.024052478
writer ,0.001930502,0.04826255,0.001930502,0.02895753,0.009652509,0.009652509,0.052123554
wrong ,0.0012444,0.004230961,8.30E-05,0.116724744,0.009208562,0.002903601,0.008876721
yeah ,0.00140056,0.03781513,0.00140056,0.021008406,0.026610646,0.032212887,0.029411767
yesterday ,0.002840909,0.02800325,4.06E-04,0.015016234,0.03206169,0.04261364,0.023944804
zero ,0.004761905,0.033333335,0.004761905,0.033333335,0.033333335,0.004761905,0.052380957
zoom ,0.017857144,0.053571433,0.017857144,0.017857144,0.017857144,0.08928572,0.017857144
